,Unnamed: 0,id,genre,filename
0,0,50921,science_fiction,50921.epub
1,1,6538,science_fiction,none
2,2,11205,science_fiction,11205.epub
3,3,11393,science_fiction,11393.epub
4,4,21279,science_fiction,21279.epub
5,5,22227,science_fiction,22227.epub
6,6,24517,science_fiction,24517.epub
7,7,29159,science_fiction,29159.epub
8,8,24749,science_fiction,24749.epub
9,9,51240,science_fiction,51240.epub
10,10,50736,science_fiction,50736.epub
11,11,32651,science_fiction,32651.epub
12,12,51273,science_fiction,51273.epub
13,13,26955,science_fiction,26955.epub
14,14,29908,science_fiction,29908.epub
15,15,29310,science_fiction,29310.epub
16,16,23960,science_fiction,23960.epub
17,17,29618,science_fiction,29618.epub
18,18,25438,science_fiction,25438.epub
19,19,51688,science_fiction,51688.epub
20,20,24180,science_fiction,24180.epub
21,21,50783,science_fiction,50783.epub
22,22,50863,science_fiction,50863.epub
23,23,26956,science_fiction,26956.epub
24,24,24104,science_fiction,24104.epub
25,25,16457,science_fiction,16457.epub
26,26,29019,science_fiction,29019.epub
27,27,24161,science_fiction,24161.epub
28,28,51185,science_fiction,51185.epub
29,29,51603,science_fiction,51603.epub
30,30,51596,science_fiction,51596.epub
31,31,29619,science_fiction,29619.epub
32,32,24792,science_fiction,24792.epub
33,33,51623,science_fiction,51623.epub
34,34,51681,science_fiction,51681.epub
35,35,51081,science_fiction,51081.epub
36,36,32587,science_fiction,32587.epub
37,37,51274,science_fiction,51274.epub
38,38,24149,science_fiction,24149.epub
39,39,23561,science_fiction,23561.epub
40,40,23146,science_fiction,23146.epub
41,41,22585,science_fiction,22585.epub
42,42,51046,science_fiction,51046.epub
43,43,32562,science_fiction,32562.epub
44,44,42111,science_fiction,42111.epub
45,45,31324,science_fiction,31324.epub
46,46,51408,science_fiction,51408.epub
47,47,32665,science_fiction,32665.epub
48,48,18342,science_fiction,18342.epub
49,49,1250,science_fiction,1250.epub
50,50,24436,science_fiction,24436.epub
51,51,30742,science_fiction,30742.epub
52,52,51152,science_fiction,51152.epub
53,53,51822,science_fiction,51822.epub
54,54,32530,science_fiction,32530.epub
55,55,29204,science_fiction,29204.epub
56,56,33854,science_fiction,33854.epub
57,57,24121,science_fiction,24121.epub
58,58,32237,science_fiction,32237.epub
59,59,30583,science_fiction,30583.epub
60,60,32209,science_fiction,32209.epub
61,61,32780,science_fiction,32780.epub
62,62,30452,science_fiction,30452.epub
63,63,33016,science_fiction,33016.epub
64,64,30124,science_fiction,30124.epub
65,65,31168,science_fiction,31168.epub
66,66,31893,science_fiction,31893.epub
67,67,30166,science_fiction,30166.epub
68,68,30532,science_fiction,30532.epub
69,69,29390,science_fiction,29390.epub
70,70,29768,science_fiction,29768.epub
71,71,30691,science_fiction,30691.epub
72,72,28617,science_fiction,28617.epub
73,73,41481,science_fiction,41481.epub
74,74,30177,science_fiction,30177.epub
75,75,29198,science_fiction,29198.epub
76,76,29848,science_fiction,29848.epub
77,77,29607,science_fiction,29607.epub
78,78,29809,science_fiction,29809.epub
79,79,29919,science_fiction,29919.epub
80,80,29882,science_fiction,29882.epub
81,81,29255,science_fiction,29255.epub
82,82,14301,science_fiction,14301.epub
83,83,32067,science_fiction,32067.epub
84,84,23439,science_fiction,23439.epub
85,85,8757,science_fiction,none
86,86,545,science_fiction,545.epub
87,87,123,science_fiction,123.epub
88,88,24282,science_fiction,24282.epub
89,89,4717,science_fiction,4717.epub
90,90,50834,science_fiction,50834.epub
91,91,31364,science_fiction,31364.epub
92,92,32828,science_fiction,32828.epub
93,93,51823,science_fiction,51823.epub
94,94,50819,science_fiction,50819.epub
95,95,51258,science_fiction,51258.epub
96,96,19471,science_fiction,19471.epub
97,97,9055,science_fiction,9055.epub
98,98,9056,science_fiction,none
99,99,51498,science_fiction,51498.epub
100,100,30828,science_fiction,30828.epub
101,101,26989,science_fiction,26989.epub
102,102,51494,science_fiction,51494.epub
103,103,23509,science_fiction,23509.epub
104,104,32162,science_fiction,32162.epub
105,105,27645,science_fiction,27645.epub
106,106,29240,science_fiction,29240.epub
107,107,22470,science_fiction,22470.epub
108,108,28643,science_fiction,28643.epub
109,109,28892,science_fiction,28892.epub
110,110,29446,science_fiction,29446.epub
111,111,22892,science_fiction,22892.epub
112,112,51842,science_fiction,51842.epub
113,113,28554,science_fiction,28554.epub
114,114,23930,science_fiction,23930.epub
115,115,42254,science_fiction,42254.epub
116,116,28644,science_fiction,28644.epub
117,117,22527,science_fiction,22527.epub
118,118,50969,science_fiction,50969.epub
119,119,51735,science_fiction,51735.epub
120,120,23153,science_fiction,23153.epub
121,121,51549,science_fiction,51549.epub
122,122,23599,science_fiction,23599.epub
123,123,31929,science_fiction,31929.epub
124,124,32551,science_fiction,32551.epub
125,125,29931,science_fiction,29931.epub
126,126,30240,science_fiction,30240.epub
127,127,50800,science_fiction,50800.epub
128,128,51361,science_fiction,51361.epub
129,129,50890,science_fiction,50890.epub
130,130,32664,science_fiction,32664.epub
131,131,30329,science_fiction,30329.epub
132,132,20707,science_fiction,20707.epub
133,133,23762,science_fiction,23762.epub
134,134,24567,science_fiction,24567.epub
135,135,22701,science_fiction,22701.epub
136,136,4920,science_fiction,4920.epub
137,137,30454,science_fiction,30454.epub
138,138,51499,science_fiction,51499.epub
139,139,56889,science_fiction,56889.epub
140,140,23104,science_fiction,23104.epub
141,141,29298,science_fiction,29298.epub
142,142,50988,science_fiction,50988.epub
143,143,32321,science_fiction,32321.epub
144,144,30004,science_fiction,30004.epub
145,145,32498,science_fiction,32498.epub
146,146,22332,science_fiction,22332.epub
147,147,23764,science_fiction,23764.epub
148,148,22579,science_fiction,22579.epub
149,149,51320,science_fiction,51320.epub
150,150,23592,science_fiction,23592.epub
151,151,51662,science_fiction,51662.epub
152,152,21988,science_fiction,21988.epub
153,153,32077,science_fiction,32077.epub
154,154,51241,science_fiction,51241.epub
155,155,19066,science_fiction,19066.epub
156,156,49165,science_fiction,49165.epub
157,157,32339,science_fiction,32339.epub
158,158,32398,science_fiction,32398.epub
159,159,32076,science_fiction,32076.epub
160,160,51436,science_fiction,51436.epub
161,161,51435,science_fiction,51435.epub
162,162,49767,science_fiction,49767.epub
163,163,24005,science_fiction,24005.epub
164,164,51167,science_fiction,51167.epub
165,165,40991,science_fiction,40991.epub
166,166,33842,science_fiction,33842.epub
167,167,24707,science_fiction,24707.epub
168,168,28583,science_fiction,28583.epub
169,169,41905,science_fiction,41905.epub
170,170,24277,science_fiction,24277.epub
171,171,30044,science_fiction,30044.epub
172,172,31062,science_fiction,31062.epub
173,173,24392,science_fiction,24392.epub
174,174,32427,science_fiction,32427.epub
175,175,51137,science_fiction,51137.epub
176,176,27143,science_fiction,27143.epub
177,177,20802,science_fiction,20802.epub
178,178,29962,science_fiction,29962.epub
179,179,51533,science_fiction,51533.epub
180,180,26761,science_fiction,26761.epub
181,181,51255,science_fiction,51255.epub
182,182,25862,science_fiction,25862.epub
183,183,41064,science_fiction,41064.epub
184,184,51657,science_fiction,51657.epub
185,185,23889,science_fiction,23889.epub
186,186,51508,science_fiction,51508.epub
187,187,8766,science_fiction,none
188,188,1153,science_fiction,1153.epub
189,189,26190,science_fiction,26190.epub
190,190,24543,science_fiction,24543.epub
191,191,22875,science_fiction,22875.epub
192,192,26191,science_fiction,26191.epub
193,193,51342,science_fiction,51342.epub
194,194,50802,science_fiction,50802.epub
195,195,9862,science_fiction,9862.epub
196,196,30405,science_fiction,30405.epub
197,197,32212,science_fiction,32212.epub
198,198,19111,science_fiction,19111.epub
199,199,24276,science_fiction,24276.epub
200,200,51203,science_fiction,51203.epub
201,201,29149,science_fiction,29149.epub
202,202,31686,science_fiction,31686.epub
203,203,28924,science_fiction,28924.epub
204,204,20796,science_fiction,20796.epub
205,205,8673,science_fiction,8673.epub
206,206,37448,science_fiction,37448.epub
207,207,51082,science_fiction,51082.epub
208,208,26967,science_fiction,26967.epub
209,209,51148,science_fiction,51148.epub
210,210,23194,science_fiction,23194.epub
211,211,28922,science_fiction,28922.epub
212,212,29632,science_fiction,29632.epub
213,213,51651,science_fiction,51651.epub
214,214,51305,science_fiction,51305.epub
215,215,32243,science_fiction,32243.epub
216,216,41565,science_fiction,41565.epub
217,217,50774,science_fiction,50774.epub
218,218,24949,science_fiction,24949.epub
219,219,51256,science_fiction,51256.epub
220,220,28883,science_fiction,28883.epub
221,221,20727,science_fiction,20727.epub
222,222,26066,science_fiction,26066.epub
223,223,29458,science_fiction,29458.epub
224,224,11870,science_fiction,11870.epub
225,225,17026,science_fiction,17026.epub
226,226,23164,science_fiction,23164.epub
227,227,42901,science_fiction,42901.epub
228,228,22154,science_fiction,22154.epub
229,229,24399,science_fiction,24399.epub
230,230,18632,science_fiction,18632.epub
231,231,23799,science_fiction,23799.epub
232,232,51570,science_fiction,51570.epub
233,233,28698,science_fiction,28698.epub
234,234,22526,science_fiction,22526.epub
235,235,29623,science_fiction,29623.epub
236,236,26751,science_fiction,26751.epub
237,237,25234,science_fiction,25234.epub
238,238,6630,science_fiction,6630.epub
239,239,51866,science_fiction,51866.epub
240,240,24064,science_fiction,24064.epub
241,241,19709,science_fiction,19709.epub
242,242,22869,science_fiction,22869.epub
243,243,50561,science_fiction,50561.epub
244,244,6714,science_fiction,6714.epub
245,245,51663,science_fiction,51663.epub
246,246,22559,science_fiction,22559.epub
247,247,18949,science_fiction,18949.epub
248,248,27053,science_fiction,27053.epub
249,249,51247,science_fiction,51247.epub
250,250,24054,science_fiction,24054.epub
251,251,32705,science_fiction,32705.epub
252,252,24965,science_fiction,24965.epub
253,253,30234,science_fiction,30234.epub
254,254,27631,science_fiction,27631.epub
255,255,19102,science_fiction,19102.epub
256,256,29643,science_fiction,29643.epub
257,257,51767,science_fiction,51767.epub
258,258,29309,science_fiction,29309.epub
259,259,29876,science_fiction,29876.epub
260,260,28346,science_fiction,28346.epub
261,261,29680,science_fiction,29680.epub
262,262,51091,science_fiction,51091.epub
263,263,28767,science_fiction,28767.epub
264,264,25550,science_fiction,25550.epub
265,265,799,science_fiction,799.epub
266,266,38674,science_fiction,38674.epub
267,267,33790,science_fiction,33790.epub
268,268,50998,science_fiction,50998.epub
269,269,25086,science_fiction,25086.epub
270,270,40968,science_fiction,40968.epub
271,271,24091,science_fiction,24091.epub
272,272,24166,science_fiction,24166.epub
273,273,28628,science_fiction,28628.epub
274,274,42209,science_fiction,42209.epub
275,275,22538,science_fiction,22538.epub
276,276,5965,science_fiction,5965.epub
277,277,49762,science_fiction,49762.epub
278,278,50332,science_fiction,50332.epub
279,279,32134,science_fiction,32134.epub
280,280,32040,science_fiction,32040.epub
281,281,29384,science_fiction,29384.epub
282,282,30251,science_fiction,30251.epub
283,283,24150,science_fiction,24150.epub
284,284,22623,science_fiction,22623.epub
285,285,51782,science_fiction,51782.epub
286,286,29940,science_fiction,29940.epub
287,287,51740,science_fiction,51740.epub
288,288,51074,science_fiction,51074.epub
289,289,50138,science_fiction,50138.epub
290,290,27730,science_fiction,27730.epub
291,291,456,science_fiction,456.epub
292,292,32847,science_fiction,32847.epub
293,293,51509,science_fiction,51509.epub
294,294,19726,science_fiction,19726.epub
295,295,29138,science_fiction,29138.epub
296,296,26843,science_fiction,26843.epub
297,297,43041,science_fiction,43041.epub
298,298,51363,science_fiction,51363.epub
299,299,30063,science_fiction,30063.epub
300,300,32181,science_fiction,32181.epub
301,301,8086,science_fiction,8086.epub
302,302,30305,science_fiction,30305.epub
303,303,31778,science_fiction,31778.epub
304,304,29193,science_fiction,29193.epub
305,305,51668,science_fiction,51668.epub
306,306,7052,science_fiction,7052.epub
307,307,51353,science_fiction,51353.epub
308,308,23148,science_fiction,23148.epub
309,309,51519,science_fiction,51519.epub
310,310,30796,science_fiction,30796.epub
311,311,32436,science_fiction,32436.epub
312,312,51478,science_fiction,51478.epub
313,313,50133,science_fiction,50133.epub
314,314,50103,science_fiction,50103.epub
315,315,23301,science_fiction,23301.epub
316,316,33642,science_fiction,33642.epub
317,317,50876,science_fiction,50876.epub
318,318,52167,science_fiction,52167.epub
319,319,26521,science_fiction,26521.epub
320,320,17028,science_fiction,17028.epub
321,321,51475,science_fiction,51475.epub
322,322,18584,science_fiction,18584.epub
323,323,21670,science_fiction,21670.epub
324,324,19141,science_fiction,19141.epub
325,325,50877,science_fiction,50877.epub
326,326,31981,science_fiction,31981.epub
327,327,24101,science_fiction,24101.epub
328,328,32108,science_fiction,32108.epub
329,329,27595,science_fiction,27595.epub
330,330,29060,science_fiction,29060.epub
331,331,51434,science_fiction,51434.epub
332,332,5699,science_fiction,5699.epub
333,333,28215,science_fiction,28215.epub
334,334,51267,science_fiction,51267.epub
335,335,50959,science_fiction,50959.epub
336,336,29410,science_fiction,29410.epub
337,337,32637,science_fiction,32637.epub
338,338,7303,science_fiction,7303.epub
339,339,29146,science_fiction,29146.epub
340,340,27110,science_fiction,27110.epub
341,341,31962,science_fiction,31962.epub
342,342,22346,science_fiction,22346.epub
343,343,40970,science_fiction,40970.epub
344,344,51622,science_fiction,51622.epub
345,345,31516,science_fiction,31516.epub
346,346,30438,science_fiction,30438.epub
347,347,30833,science_fiction,30833.epub
348,348,8681,science_fiction,8681.epub
349,349,24566,science_fiction,24566.epub
350,350,50566,science_fiction,50566.epub
351,351,51609,science_fiction,51609.epub
352,352,49511,science_fiction,49511.epub
353,353,46535,science_fiction,46535.epub
354,354,46616,science_fiction,46616.epub
355,355,46615,science_fiction,46615.epub
356,356,48866,science_fiction,48866.epub
357,357,46534,science_fiction,46534.epub
358,358,46339,science_fiction,46339.epub
359,359,46222,science_fiction,46222.epub
360,360,23408,science_fiction,23408.epub
361,361,51799,science_fiction,51799.epub
362,362,51518,science_fiction,51518.epub
363,363,30901,science_fiction,30901.epub
364,364,31922,science_fiction,31922.epub
365,365,30379,science_fiction,30379.epub
366,366,30408,science_fiction,30408.epub
367,367,30337,science_fiction,30337.epub
368,368,23588,science_fiction,23588.epub
369,369,41062,science_fiction,41062.epub
370,370,24723,science_fiction,24723.epub
371,371,29717,science_fiction,29717.epub
372,372,27696,science_fiction,27696.epub
373,373,51170,science_fiction,51170.epub
374,374,25780,science_fiction,25780.epub
375,375,49525,science_fiction,49525.epub
376,376,8972,science_fiction,none
377,377,1013,science_fiction,1013.epub
378,378,24192,science_fiction,24192.epub
379,379,43235,science_fiction,43235.epub
380,380,4994,science_fiction,4994.epub
381,381,29936,science_fiction,29936.epub
382,382,97,science_fiction,97.epub
383,383,201,science_fiction,201.epub
384,384,18460,science_fiction,18460.epub
385,385,28453,science_fiction,28453.epub
386,386,29421,science_fiction,29421.epub
387,387,32734,science_fiction,32734.epub
388,388,29749,science_fiction,29749.epub
389,389,11696,science_fiction,11696.epub
390,390,30497,science_fiction,30497.epub
391,391,29487,science_fiction,29487.epub
392,392,41637,science_fiction,41637.epub
393,393,32735,science_fiction,32735.epub
394,394,51852,science_fiction,51852.epub
395,395,29181,science_fiction,29181.epub
396,396,19478,science_fiction,19478.epub
397,397,30252,science_fiction,30252.epub
398,398,23099,science_fiction,23099.epub
399,399,18602,science_fiction,18602.epub
400,400,30338,science_fiction,30338.epub
401,401,50980,science_fiction,50980.epub
402,402,51335,science_fiction,51335.epub
403,403,51758,science_fiction,51758.epub
404,404,8986,science_fiction,none
405,405,83,science_fiction,83.epub
406,406,51257,science_fiction,51257.epub
407,407,41624,science_fiction,41624.epub
408,408,41651,science_fiction,41651.epub
409,409,41622,science_fiction,41622.epub
410,410,41627,science_fiction,41627.epub
411,411,20898,science_fiction,20898.epub
412,412,26936,science_fiction,26936.epub
413,413,21627,science_fiction,21627.epub
414,414,29614,science_fiction,29614.epub
415,415,50981,science_fiction,50981.epub
416,416,31956,science_fiction,31956.epub
417,417,22580,science_fiction,22580.epub
418,418,23571,science_fiction,23571.epub
419,419,18105,science_fiction,18105.epub
420,420,29578,science_fiction,29578.epub
421,421,26795,science_fiction,26795.epub
422,422,10966,science_fiction,10966.epub
423,423,22132,science_fiction,22132.epub
424,424,24975,science_fiction,24975.epub
425,425,51129,science_fiction,51129.epub
426,426,19029,science_fiction,19029.epub
427,427,21094,science_fiction,21094.epub
428,428,51268,science_fiction,51268.epub
429,429,42914,science_fiction,42914.epub
430,430,50869,science_fiction,50869.epub
431,431,23185,science_fiction,23185.epub
432,432,32825,science_fiction,32825.epub
433,433,28705,science_fiction,28705.epub
434,434,51699,science_fiction,51699.epub
435,435,8749,science_fiction,none
436,436,64,science_fiction,64.epub
437,437,42664,science_fiction,42664.epub
438,438,24495,science_fiction,24495.epub
439,439,23882,science_fiction,23882.epub
440,440,30140,science_fiction,30140.epub
441,441,29963,science_fiction,29963.epub
442,442,26536,science_fiction,26536.epub
443,443,51597,science_fiction,51597.epub
444,444,18109,science_fiction,18109.epub
445,445,32133,science_fiction,32133.epub
446,446,49897,science_fiction,49897.epub
447,447,29190,science_fiction,29190.epub
448,448,29326,science_fiction,29326.epub
449,449,28118,science_fiction,28118.epub
450,450,50893,science_fiction,50893.epub
451,451,24864,science_fiction,24864.epub
452,452,24278,science_fiction,24278.epub
453,453,24246,science_fiction,24246.epub
454,454,50842,science_fiction,50842.epub
455,455,50571,science_fiction,50571.epub
456,456,23028,science_fiction,23028.epub
457,457,29205,science_fiction,29205.epub
458,458,51398,science_fiction,51398.epub
459,459,29194,science_fiction,29194.epub
460,460,24152,science_fiction,24152.epub
461,461,604,science_fiction,604.epub
462,462,29132,science_fiction,29132.epub
463,463,24247,science_fiction,24247.epub
464,464,26109,science_fiction,26109.epub
465,465,50889,science_fiction,50889.epub
466,466,29720,science_fiction,29720.epub
467,467,29202,science_fiction,29202.epub
468,468,30764,science_fiction,30764.epub
469,469,29535,science_fiction,29535.epub
470,470,51546,science_fiction,51546.epub
471,471,30308,science_fiction,30308.epub
472,472,41562,science_fiction,41562.epub
473,473,29206,science_fiction,29206.epub
474,474,25035,science_fiction,25035.epub
475,475,26855,science_fiction,26855.epub
476,476,30086,science_fiction,30086.epub
477,477,29503,science_fiction,29503.epub
478,478,30307,science_fiction,30307.epub
479,479,29046,science_fiction,29046.epub
480,480,30885,science_fiction,30885.epub
481,481,25028,science_fiction,25028.epub
482,482,27013,science_fiction,27013.epub
483,483,30322,science_fiction,30322.epub
484,484,31644,science_fiction,31644.epub
485,485,28438,science_fiction,28438.epub
486,486,18807,science_fiction,18807.epub
487,487,24397,science_fiction,24397.epub
488,488,30330,science_fiction,30330.epub
489,489,50868,science_fiction,50868.epub
490,490,24302,science_fiction,24302.epub
491,491,20519,science_fiction,20519.epub
492,492,22102,science_fiction,22102.epub
493,493,23884,science_fiction,23884.epub
494,494,29793,science_fiction,29793.epub
495,495,32360,science_fiction,32360.epub
496,496,30468,science_fiction,30468.epub
497,497,17138,science_fiction,17138.epub
498,498,32890,science_fiction,32890.epub
499,499,29599,science_fiction,29599.epub
500,500,19476,science_fiction,19476.epub
501,501,29170,science_fiction,29170.epub
502,502,50928,science_fiction,50928.epub
503,503,29168,science_fiction,29168.epub
504,504,29445,science_fiction,29445.epub
505,505,42243,science_fiction,42243.epub
506,506,10002,science_fiction,10002.epub
507,507,50818,science_fiction,50818.epub
508,508,25627,science_fiction,25627.epub
509,509,18641,science_fiction,18641.epub
510,510,22524,science_fiction,22524.epub
511,511,51433,science_fiction,51433.epub
512,512,51460,science_fiction,51460.epub
513,513,42182,science_fiction,42182.epub
514,514,51330,science_fiction,51330.epub
515,515,22897,science_fiction,22897.epub
516,516,51752,science_fiction,51752.epub
517,517,51413,science_fiction,51413.epub
518,518,14287,science_fiction,14287.epub
519,519,28451,science_fiction,28451.epub
520,520,30034,science_fiction,30034.epub
521,521,22882,science_fiction,22882.epub
522,522,26741,science_fiction,26741.epub
523,523,51682,science_fiction,51682.epub
524,524,51801,science_fiction,51801.epub
525,525,25567,science_fiction,25567.epub
526,526,22338,science_fiction,22338.epub
527,527,24521,science_fiction,24521.epub
528,528,21897,science_fiction,21897.epub
529,529,23339,science_fiction,23339.epub
530,530,23688,science_fiction,23688.epub
531,531,30971,science_fiction,30971.epub
532,532,20838,science_fiction,20838.epub
533,533,51650,science_fiction,51650.epub
534,534,18668,science_fiction,18668.epub
535,535,51184,science_fiction,51184.epub
536,536,28608,science_fiction,28608.epub
537,537,32272,science_fiction,32272.epub
538,538,32088,science_fiction,32088.epub
539,539,31651,science_fiction,31651.epub
540,540,23931,science_fiction,23931.epub
541,541,23149,science_fiction,23149.epub
542,542,29038,science_fiction,29038.epub
543,543,19362,science_fiction,19362.epub
544,544,32684,science_fiction,32684.epub
545,545,23535,science_fiction,23535.epub
546,546,20154,science_fiction,20154.epub
547,547,29455,science_fiction,29455.epub
548,548,29994,science_fiction,29994.epub
549,549,159,science_fiction,159.epub
550,550,20988,science_fiction,20988.epub
551,551,29271,science_fiction,29271.epub
552,552,26782,science_fiction,26782.epub
553,553,51210,science_fiction,51210.epub
554,554,29195,science_fiction,29195.epub
555,555,28437,science_fiction,28437.epub
556,556,23591,science_fiction,23591.epub
557,557,49838,science_fiction,49838.epub
558,558,26906,science_fiction,26906.epub
559,559,51605,science_fiction,51605.epub
560,560,51027,science_fiction,51027.epub
561,561,41981,science_fiction,41981.epub
562,562,42236,science_fiction,42236.epub
563,563,31716,science_fiction,31716.epub
564,564,26867,science_fiction,26867.epub
565,565,29987,science_fiction,29987.epub
566,566,1607,science_fiction,1607.epub
567,567,3748,science_fiction,3748.epub
568,568,19513,science_fiction,19513.epub
569,569,18857,science_fiction,18857.epub
570,570,8983,science_fiction,none
571,571,22589,science_fiction,22589.epub
572,572,51053,science_fiction,51053.epub
573,573,25713,science_fiction,25713.epub
574,574,50719,science_fiction,50719.epub
575,575,49809,science_fiction,49809.epub
576,576,27665,science_fiction,27665.epub
577,577,27588,science_fiction,27588.epub
578,578,19338,science_fiction,19338.epub
579,579,29142,science_fiction,29142.epub
580,580,32346,science_fiction,32346.epub
581,581,32131,science_fiction,32131.epub
582,582,19651,science_fiction,19651.epub
583,583,22540,science_fiction,22540.epub
584,584,51781,science_fiction,51781.epub
585,585,32004,science_fiction,32004.epub
586,586,51493,science_fiction,51493.epub
587,587,51669,science_fiction,51669.epub
588,588,8763,science_fiction,none
589,589,551,science_fiction,551.epub
590,590,2509,science_fiction,2509.epub
591,591,30437,science_fiction,30437.epub
592,592,18800,science_fiction,18800.epub
593,593,27462,science_fiction,27462.epub
594,594,51530,science_fiction,51530.epub
595,595,23426,science_fiction,23426.epub
596,596,30348,science_fiction,30348.epub
597,597,50753,science_fiction,50753.epub
598,598,23612,science_fiction,23612.epub
599,599,27392,science_fiction,27392.epub
600,600,29525,science_fiction,29525.epub
601,601,21510,science_fiction,21510.epub
602,602,32486,science_fiction,32486.epub
603,603,31286,science_fiction,31286.epub
604,604,24275,science_fiction,24275.epub
605,605,32592,science_fiction,32592.epub
606,606,51362,science_fiction,51362.epub
607,607,51420,science_fiction,51420.epub
608,608,29889,science_fiction,29889.epub
609,609,29698,science_fiction,29698.epub
610,610,49826,science_fiction,49826.epub
611,611,22876,science_fiction,22876.epub
612,612,30493,science_fiction,30493.epub
613,613,18137,science_fiction,18137.epub
614,614,51171,science_fiction,51171.epub
615,615,30170,science_fiction,30170.epub
616,616,20121,science_fiction,20121.epub
617,617,24928,science_fiction,24928.epub
618,618,51550,science_fiction,51550.epub
619,619,29742,science_fiction,29742.epub
620,620,624,science_fiction,624.epub
621,621,29457,science_fiction,29457.epub
622,622,5703,science_fiction,5703.epub
623,623,29466,science_fiction,29466.epub
624,624,49462,science_fiction,49462.epub
625,625,285,science_fiction,285.epub
626,626,8759,science_fiction,none
627,627,149,science_fiction,149.epub
628,628,28645,science_fiction,28645.epub
629,629,30029,science_fiction,30029.epub
630,630,30427,science_fiction,30427.epub
631,631,7473,science_fiction,7473.epub
632,632,32563,science_fiction,32563.epub
633,633,8614,science_fiction,none
634,634,139,science_fiction,139.epub
635,635,27921,science_fiction,27921.epub
636,636,32078,science_fiction,32078.epub
637,637,50835,science_fiction,50835.epub
638,638,40961,science_fiction,40961.epub
639,639,49693,science_fiction,49693.epub
640,640,26174,science_fiction,26174.epub
641,641,29242,science_fiction,29242.epub
642,642,51194,science_fiction,51194.epub
643,643,35425,science_fiction,35425.epub
644,644,51311,science_fiction,51311.epub
645,645,24119,science_fiction,24119.epub
646,646,29418,science_fiction,29418.epub
647,647,51421,science_fiction,51421.epub
648,648,50936,science_fiction,50936.epub
649,649,24955,science_fiction,24955.epub
650,650,32764,science_fiction,32764.epub
651,651,49531,science_fiction,49531.epub
652,652,51288,science_fiction,51288.epub
653,653,19660,science_fiction,19660.epub
654,654,51337,science_fiction,51337.epub
655,655,51050,science_fiction,51050.epub
656,656,29432,science_fiction,29432.epub
657,657,17394,science_fiction,17394.epub
658,658,25644,science_fiction,25644.epub
659,659,30259,science_fiction,30259.epub
660,660,19174,science_fiction,19174.epub
661,661,28062,science_fiction,28062.epub
662,662,51295,science_fiction,51295.epub
663,663,51233,science_fiction,51233.epub
664,664,24791,science_fiction,24791.epub
665,665,51125,science_fiction,51125.epub
666,666,40992,science_fiction,40992.epub
667,667,29437,science_fiction,29437.epub
668,668,23731,science_fiction,23731.epub
669,669,29735,science_fiction,29735.epub
670,670,22110,science_fiction,22110.epub
671,671,32905,science_fiction,32905.epub
672,672,50441,science_fiction,50441.epub
673,673,27383,science_fiction,27383.epub
674,674,22754,science_fiction,22754.epub
675,675,32748,science_fiction,32748.epub
676,676,29140,science_fiction,29140.epub
677,677,40969,science_fiction,40969.epub
678,678,23636,science_fiction,23636.epub
679,679,24927,science_fiction,24927.epub
680,680,23920,science_fiction,23920.epub
681,681,51615,science_fiction,51615.epub
682,682,30199,science_fiction,30199.epub
683,683,22596,science_fiction,22596.epub
684,684,24135,science_fiction,24135.epub
685,685,27393,science_fiction,27393.epub
686,686,50999,science_fiction,50999.epub
687,687,22867,science_fiction,22867.epub
688,688,51833,science_fiction,51833.epub
689,689,26093,science_fiction,26093.epub
690,690,51122,science_fiction,51122.epub
691,691,18814,science_fiction,18814.epub
692,692,24370,science_fiction,24370.epub
693,693,3479,science_fiction,3479.epub
694,694,41084,science_fiction,41084.epub
695,695,51713,science_fiction,51713.epub
696,696,28518,science_fiction,28518.epub
697,697,32579,science_fiction,32579.epub
698,698,31703,science_fiction,31703.epub
699,699,21582,science_fiction,21582.epub
700,700,24779,science_fiction,24779.epub
701,701,32353,science_fiction,32353.epub
702,702,29416,science_fiction,29416.epub
703,703,20659,science_fiction,20659.epub
704,704,28156,science_fiction,28156.epub
705,705,22541,science_fiction,22541.epub
706,706,23210,science_fiction,23210.epub
707,707,23568,science_fiction,23568.epub
708,708,6903,science_fiction,6903.epub
709,709,32207,science_fiction,32207.epub
710,710,24750,science_fiction,24750.epub
711,711,30311,science_fiction,30311.epub
712,712,28111,science_fiction,28111.epub
713,713,26569,science_fiction,26569.epub
714,714,24913,science_fiction,24913.epub
715,715,8756,science_fiction,none
716,716,96,science_fiction,96.epub
717,717,41029,science_fiction,41029.epub
718,718,29662,science_fiction,29662.epub
719,719,8199,science_fiction,8199.epub
720,720,765,science_fiction,765.epub
721,721,50826,science_fiction,50826.epub
722,722,12901,science_fiction,12901.epub
723,723,20920,science_fiction,20920.epub
724,724,51449,science_fiction,51449.epub
725,725,29791,science_fiction,29791.epub
726,726,26180,science_fiction,26180.epub
727,727,32522,science_fiction,32522.epub
728,728,19231,science_fiction,19231.epub
729,729,51379,science_fiction,51379.epub
730,730,29196,science_fiction,29196.epub
731,731,31648,science_fiction,31648.epub
732,732,28119,science_fiction,28119.epub
733,733,22881,science_fiction,22881.epub
734,734,51310,science_fiction,51310.epub
735,735,50892,science_fiction,50892.epub
736,736,27019,science_fiction,27019.epub
737,737,8993,science_fiction,8993.epub
738,738,1268,science_fiction,1268.epub
739,739,10349,science_fiction,10349.epub
740,740,51202,science_fiction,51202.epub
741,741,24274,science_fiction,24274.epub
742,742,30014,science_fiction,30014.epub
743,743,19076,science_fiction,19076.epub
744,744,30019,science_fiction,30019.epub
745,745,51834,science_fiction,51834.epub
746,746,30767,science_fiction,30767.epub
747,747,33969,science_fiction,33969.epub
748,748,52009,science_fiction,52009.epub
749,749,26205,science_fiction,26205.epub
750,750,28063,science_fiction,28063.epub
751,751,32683,science_fiction,32683.epub
752,752,51101,science_fiction,51101.epub
753,753,10662,science_fiction,10662.epub
754,754,42987,science_fiction,42987.epub
755,755,25024,science_fiction,25024.epub
756,756,31701,science_fiction,31701.epub
757,757,23162,science_fiction,23162.epub
758,758,29272,science_fiction,29272.epub
759,759,25078,science_fiction,25078.epub
760,760,29139,science_fiction,29139.epub
761,761,30832,science_fiction,30832.epub
762,762,50989,science_fiction,50989.epub
763,763,32395,science_fiction,32395.epub
764,764,51350,science_fiction,51350.epub
765,765,51396,science_fiction,51396.epub
766,766,50872,science_fiction,50872.epub
767,767,51136,science_fiction,51136.epub
768,768,25628,science_fiction,25628.epub
769,769,30458,science_fiction,30458.epub
770,770,29290,science_fiction,29290.epub
771,771,18346,science_fiction,18346.epub
772,772,13841,science_fiction,13841.epub
773,773,30434,science_fiction,30434.epub
774,774,29355,science_fiction,29355.epub
775,775,50948,science_fiction,50948.epub
776,776,30035,science_fiction,30035.epub
777,777,8984,science_fiction,none
778,778,1353,science_fiction,1353.epub
779,779,28893,science_fiction,28893.epub
780,780,51751,science_fiction,51751.epub
781,781,33871,science_fiction,33871.epub
782,782,23379,science_fiction,23379.epub
783,783,29492,science_fiction,29492.epub
784,784,26882,science_fiction,26882.epub
785,785,19445,science_fiction,19445.epub
786,786,6468,science_fiction,6468.epub
787,787,31664,science_fiction,31664.epub
788,788,50713,science_fiction,50713.epub
789,789,30386,science_fiction,30386.epub
790,790,32041,science_fiction,32041.epub
791,791,29975,science_fiction,29975.epub
792,792,30728,science_fiction,30728.epub
793,793,28933,science_fiction,28933.epub
794,794,22958,science_fiction,22958.epub
795,795,32541,science_fiction,32541.epub
796,796,23429,science_fiction,23429.epub
797,797,41049,science_fiction,41049.epub
798,798,50904,science_fiction,50904.epub
799,799,21092,science_fiction,21092.epub
800,800,20649,science_fiction,20649.epub
801,801,51168,science_fiction,51168.epub
802,802,29303,science_fiction,29303.epub
803,803,24721,science_fiction,24721.epub
804,804,50406,science_fiction,50406.epub
805,805,29160,science_fiction,29160.epub
806,806,18361,science_fiction,18361.epub
807,807,18261,science_fiction,18261.epub
808,808,17870,science_fiction,17870.epub
809,809,32688,science_fiction,32688.epub
810,810,50827,science_fiction,50827.epub
811,811,23534,science_fiction,23534.epub
812,812,30398,science_fiction,30398.epub
813,813,51112,science_fiction,51112.epub
814,814,18431,science_fiction,18431.epub
815,815,22866,science_fiction,22866.epub
816,816,20553,science_fiction,20553.epub
817,817,29989,science_fiction,29989.epub
818,818,369,science_fiction,369.epub
819,819,8762,science_fiction,none
820,820,24444,science_fiction,24444.epub
821,821,28535,science_fiction,28535.epub
822,822,553,science_fiction,553.epub
823,823,22767,science_fiction,22767.epub
824,824,51461,science_fiction,51461.epub
825,825,26206,science_fiction,26206.epub
826,826,29448,science_fiction,29448.epub
827,827,30303,science_fiction,30303.epub
828,828,32303,science_fiction,32303.epub
829,829,31767,science_fiction,31767.epub
830,830,605,science_fiction,605.epub
831,831,8765,science_fiction,none
832,832,25061,science_fiction,25061.epub
833,833,51286,science_fiction,51286.epub
834,834,50063,science_fiction,50063.epub
835,835,42259,science_fiction,42259.epub
836,836,51397,science_fiction,51397.epub
837,837,8764,science_fiction,none
838,838,552,science_fiction,552.epub
839,839,51482,science_fiction,51482.epub
840,840,24977,science_fiction,24977.epub
841,841,32344,science_fiction,32344.epub
842,842,25295,science_fiction,25295.epub
843,843,51656,science_fiction,51656.epub
844,844,51009,science_fiction,51009.epub
845,845,51193,science_fiction,51193.epub
846,846,43048,science_fiction,43048.epub
847,847,51297,science_fiction,51297.epub
848,848,30380,science_fiction,30380.epub
849,849,32832,science_fiction,32832.epub
850,850,24035,science_fiction,24035.epub
851,851,29299,science_fiction,29299.epub
852,852,26966,science_fiction,26966.epub
853,853,16721,science_fiction,16721.epub
854,854,51832,science_fiction,51832.epub
855,855,30062,science_fiction,30062.epub
856,856,51804,science_fiction,51804.epub
857,857,16921,science_fiction,16921.epub
858,858,50682,science_fiction,50682.epub
859,859,43046,science_fiction,43046.epub
860,860,30045,science_fiction,30045.epub
861,861,21873,science_fiction,21873.epub
862,862,32696,science_fiction,32696.epub
863,863,29771,science_fiction,29771.epub
864,864,31619,science_fiction,31619.epub
865,865,25067,science_fiction,25067.epub
866,866,22426,science_fiction,22426.epub
867,867,29790,science_fiction,29790.epub
868,868,32801,science_fiction,32801.epub
869,869,50945,science_fiction,50945.epub
870,870,22895,science_fiction,22895.epub
871,871,126,science_fiction,126.epub
872,872,8613,science_fiction,none
873,873,29069,science_fiction,29069.epub
874,874,19067,science_fiction,19067.epub
875,875,20212,science_fiction,20212.epub
876,876,51047,science_fiction,51047.epub
877,877,29789,science_fiction,29789.epub
878,878,25629,science_fiction,25629.epub
879,879,40954,science_fiction,40954.epub
880,880,51814,science_fiction,51814.epub
881,881,30381,science_fiction,30381.epub
882,882,24865,science_fiction,24865.epub
883,883,29293,science_fiction,29293.epub
884,884,51321,science_fiction,51321.epub
885,885,51126,science_fiction,51126.epub
886,886,19515,science_fiction,19515.epub
887,887,8748,science_fiction,none
888,888,62,science_fiction,62.epub
889,889,19000,science_fiction,19000.epub
890,890,32150,science_fiction,32150.epub
891,891,26332,science_fiction,26332.epub
892,892,24290,science_fiction,24290.epub
893,893,50971,science_fiction,50971.epub
894,894,33839,science_fiction,33839.epub
895,895,23872,science_fiction,23872.epub
896,896,36867,science_fiction,36867.epub
897,897,32654,science_fiction,32654.epub
898,898,22216,science_fiction,22216.epub
899,899,30242,science_fiction,30242.epub
900,900,50844,science_fiction,50844.epub
901,901,51768,science_fiction,51768.epub
902,902,51028,science_fiction,51028.epub
903,903,30304,science_fiction,30304.epub
904,904,51232,science_fiction,51232.epub
905,905,49779,science_fiction,49779.epub
906,906,31587,science_fiction,31587.epub
907,907,24122,science_fiction,24122.epub
908,908,26743,science_fiction,26743.epub
909,909,22893,science_fiction,22893.epub
910,910,29177,science_fiction,29177.epub
911,911,30399,science_fiction,30399.epub
912,912,24418,science_fiction,24418.epub
913,913,42183,science_fiction,42183.epub
914,914,22597,science_fiction,22597.epub
915,915,26772,science_fiction,26772.epub
916,916,32953,science_fiction,32953.epub
917,917,21541,science_fiction,21541.epub
918,918,22171,science_fiction,22171.epub
919,919,52326,science_fiction,52326.epub
920,920,51589,science_fiction,51589.epub
921,921,29053,science_fiction,29053.epub
922,922,29389,science_fiction,29389.epub
923,923,27248,science_fiction,27248.epub
924,924,18817,science_fiction,18817.epub
925,925,31262,science_fiction,31262.epub
926,926,51854,science_fiction,51854.epub
927,927,26890,science_fiction,26890.epub
928,928,51092,science_fiction,51092.epub
929,929,31038,science_fiction,31038.epub
930,930,20739,science_fiction,20739.epub
931,931,50449,science_fiction,50449.epub
932,932,41586,science_fiction,41586.epub
933,933,30214,science_fiction,30214.epub
934,934,32759,science_fiction,32759.epub
935,935,29209,science_fiction,29209.epub
936,936,19964,science_fiction,19964.epub
937,937,28030,science_fiction,28030.epub
938,938,51483,science_fiction,51483.epub
939,939,30267,science_fiction,30267.epub
940,940,22073,science_fiction,22073.epub
941,941,29822,science_fiction,29822.epub
942,942,28031,science_fiction,28031.epub
943,943,18855,science_fiction,18855.epub
944,944,19158,science_fiction,19158.epub
945,945,17027,science_fiction,17027.epub
946,946,27756,science_fiction,27756.epub
947,947,41027,science_fiction,41027.epub
948,948,19027,science_fiction,19027.epub
949,949,23929,science_fiction,23929.epub
950,950,8735,science_fiction,8735.epub
951,951,28543,science_fiction,28543.epub
952,952,30770,science_fiction,30770.epub
953,953,31840,science_fiction,31840.epub
954,954,43038,science_fiction,43038.epub
955,955,18139,science_fiction,18139.epub
956,956,20147,science_fiction,20147.epub
957,957,27089,science_fiction,27089.epub
958,958,34420,science_fiction,34420.epub
959,959,48880,science_fiction,48880.epub
960,960,51741,science_fiction,51741.epub
961,961,29897,science_fiction,29897.epub
962,962,11583,science_fiction,11583.epub
963,963,17355,science_fiction,17355.epub
964,964,13083,science_fiction,13083.epub
965,965,18520,science_fiction,18520.epub
966,966,51616,science_fiction,51616.epub
967,967,29283,science_fiction,29283.epub
968,968,22467,science_fiction,22467.epub
969,969,28515,science_fiction,28515.epub
970,970,28516,science_fiction,28516.epub
971,971,28832,science_fiction,28832.epub
972,972,29990,science_fiction,29990.epub
973,973,51727,science_fiction,51727.epub
974,974,30382,science_fiction,30382.epub
975,975,51773,science_fiction,51773.epub
976,976,27464,science_fiction,27464.epub
977,977,23791,science_fiction,23791.epub
978,978,51407,science_fiction,51407.epub
979,979,52228,science_fiction,52228.epub
980,980,51037,science_fiction,51037.epub
981,981,9194,science_fiction,9194.epub
982,982,24958,science_fiction,24958.epub
983,983,22997,science_fiction,22997.epub
984,984,29832,science_fiction,29832.epub
985,985,32032,science_fiction,32032.epub
986,986,29910,science_fiction,29910.epub
987,987,50668,science_fiction,50668.epub
988,988,32584,science_fiction,32584.epub
989,989,33644,science_fiction,33644.epub
990,990,22239,science_fiction,22239.epub
991,991,26140,science_fiction,26140.epub
992,992,51588,science_fiction,51588.epub
993,993,35759,science_fiction,35759.epub
994,994,29601,science_fiction,29601.epub
995,995,32029,science_fiction,32029.epub
996,996,23831,science_fiction,23831.epub
997,997,51534,science_fiction,51534.epub
998,998,51153,science_fiction,51153.epub
999,999,36,science_fiction,36.epub
1000,1000,35,science_fiction,35.epub
1001,1001,164,science_fiction,164.epub
1002,1002,2488,science_fiction,2488.epub
1003,1003,31547,science_fiction,31547.epub
1004,1004,27365,science_fiction,27365.epub
1005,1005,31469,science_fiction,31469.epub
1006,1006,1059,science_fiction,1059.epub
1007,1007,1329,science_fiction,1329.epub
1008,1008,12750,science_fiction,12750.epub
1009,1009,32706,science_fiction,32706.epub
1010,1010,29579,science_fiction,29579.epub
1011,1011,68,science_fiction,68.epub
1012,1012,30637,science_fiction,30637.epub
1013,1013,1743,science_fiction,1743.epub
1014,1014,12163,science_fiction,12163.epub
1015,1015,32154,science_fiction,32154.epub
1016,1016,72,science_fiction,72.epub
1017,1017,31979,science_fiction,31979.epub
1018,1018,29948,science_fiction,29948.epub
1019,1019,20869,science_fiction,20869.epub
1020,1020,30255,science_fiction,30255.epub
1021,1021,19145,science_fiction,19145.epub
1022,1022,20728,science_fiction,20728.epub
1023,1023,29509,science_fiction,29509.epub
1024,1024,20919,science_fiction,20919.epub
1025,1025,29135,science_fiction,29135.epub
1026,1026,18458,science_fiction,18458.epub
1027,1027,42196,science_fiction,42196.epub
1028,1028,42227,science_fiction,42227.epub
1029,1029,4791,science_fiction,4791.epub
1030,1030,775,science_fiction,775.epub
1031,1031,40964,science_fiction,40964.epub
1032,1032,30383,science_fiction,30383.epub
1033,1033,19090,science_fiction,19090.epub
1034,1034,51845,science_fiction,51845.epub
1035,1035,42188,science_fiction,42188.epub
1036,1036,18846,science_fiction,18846.epub
1037,1037,21051,science_fiction,21051.epub
1038,1038,5097,science_fiction,5097.epub
1039,1039,22549,science_fiction,22549.epub
1040,1040,13716,science_fiction,13716.epub
1041,1041,22466,science_fiction,22466.epub
1042,1042,20788,science_fiction,20788.epub
1043,1043,20000,science_fiction,none
1044,1044,52574,science_fiction,52574.epub
1045,1045,29559,science_fiction,29559.epub
1046,1046,32676,science_fiction,32676.epub
1047,1047,19474,science_fiction,19474.epub
1048,1048,51809,science_fiction,51809.epub
1049,1049,20857,science_fiction,20857.epub
1050,1050,30002,science_fiction,30002.epub
1051,1051,50290,science_fiction,50290.epub
1052,1052,18151,science_fiction,18151.epub
1053,1053,21647,science_fiction,21647.epub
1054,1054,40953,science_fiction,40953.epub
1055,1055,50022,science_fiction,50022.epub
1056,1056,18492,science_fiction,18492.epub
1057,1057,29504,science_fiction,29504.epub
1058,1058,25776,science_fiction,25776.epub
1059,1059,18831,science_fiction,18831.epub
1060,1060,51712,science_fiction,51712.epub
1061,1061,29542,science_fiction,29542.epub
1062,1062,18224,science_fiction,18224.epub
1063,1063,29966,science_fiction,29966.epub
1064,1064,20726,science_fiction,20726.epub
1065,1065,20782,science_fiction,20782.epub
1066,1066,49651,science_fiction,49651.epub
1067,1067,18172,science_fiction,18172.epub
1068,1068,22966,science_fiction,22966.epub
1069,1069,22629,science_fiction,22629.epub
1070,1070,35103,science_fiction,35103.epub
1071,1071,18753,science_fiction,18753.epub
1072,1072,29471,science_fiction,29471.epub
1073,1073,18719,science_fiction,18719.epub
1074,1074,22218,science_fiction,22218.epub
1075,1075,32026,science_fiction,32026.epub
1076,1076,51102,science_fiction,51102.epub
1077,1077,30476,science_fiction,30476.epub
1078,1078,23657,science_fiction,23657.epub
1079,1079,24870,science_fiction,24870.epub
1080,1080,25051,science_fiction,25051.epub
1081,1081,32317,science_fiction,32317.epub
1082,1082,50585,science_fiction,50585.epub
1083,1083,19526,science_fiction,19526.epub
1084,1084,23335,science_fiction,23335.epub
1085,1085,23669,science_fiction,23669.epub
1086,1086,30283,science_fiction,30283.epub
1087,1087,41714,science_fiction,41714.epub
1088,1088,50766,science_fiction,50766.epub
1089,1089,51774,science_fiction,51774.epub
1090,1090,51574,science_fiction,51574.epub
1091,1091,28650,science_fiction,28650.epub
1092,1092,30334,science_fiction,30334.epub
1093,1093,50848,science_fiction,50848.epub
1094,1094,29965,science_fiction,29965.epub
1095,1095,23678,science_fiction,23678.epub
1096,1096,32351,science_fiction,32351.epub
1097,1097,51296,science_fiction,51296.epub
1098,1098,31897,science_fiction,31897.epub
1099,1099,22544,science_fiction,22544.epub
1100,1100,33934,science_fiction,33934.epub
1101,1101,51726,science_fiction,51726.epub
1102,1102,31207,science_fiction,31207.epub
1103,1103,32347,science_fiction,32347.epub
1104,1104,31501,science_fiction,31501.epub
1105,1105,51867,science_fiction,51867.epub
1106,1106,24198,science_fiction,24198.epub
1107,1107,51531,science_fiction,51531.epub
1108,1108,18861,science_fiction,18861.epub
1109,1109,25684,science_fiction,25684.epub
1110,1110,32447,science_fiction,32447.epub
1111,1111,29353,science_fiction,29353.epub
1112,1112,32613,science_fiction,32613.epub
1113,1113,29548,science_fiction,29548.epub
1114,1114,51414,science_fiction,51414.epub
1115,1115,28976,science_fiction,28976.epub
1116,1116,31583,science_fiction,31583.epub
1117,1117,29317,science_fiction,29317.epub
1118,1118,23161,science_fiction,23161.epub
1119,1119,23845,science_fiction,23845.epub
1120,1120,37653,science_fiction,37653.epub
1121,1121,51855,science_fiction,51855.epub
1122,1122,32230,science_fiction,32230.epub
1123,1123,51344,science_fiction,51344.epub
1124,1124,32657,science_fiction,32657.epub
1125,1125,29750,science_fiction,29750.epub
1126,1126,31841,science_fiction,31841.epub
1127,1127,28550,science_fiction,28550.epub
1128,1128,51008,science_fiction,51008.epub
1129,1129,30816,science_fiction,30816.epub
1130,1130,39572,science_fiction,39572.epub
1131,1131,31626,science_fiction,31626.epub
1132,1132,21782,science_fiction,21782.epub
1133,1133,24966,science_fiction,24966.epub
1134,1134,27491,science_fiction,27491.epub
1135,1135,18257,science_fiction,18257.epub
1136,1136,32820,science_fiction,32820.epub
1137,1137,50884,science_fiction,50884.epub
1138,1138,18768,science_fiction,18768.epub
1139,1139,32149,science_fiction,32149.epub
1140,1140,32574,science_fiction,32574.epub
1141,1141,22301,science_fiction,22301.epub
1142,1142,51072,science_fiction,51072.epub
1143,1143,30679,science_fiction,30679.epub
1144,1144,32104,science_fiction,32104.epub
1145,1145,21638,science_fiction,21638.epub
1146,1146,19370,science_fiction,19370.epub
1147,1147,18786,science_fiction,18786.epub
1148,1148,50905,science_fiction,50905.epub
1149,1149,51868,science_fiction,51868.epub
1150,1150,22763,science_fiction,22763.epub
1151,1151,29321,science_fiction,29321.epub
1152,1152,26968,science_fiction,26968.epub
1153,1153,51824,science_fiction,51824.epub
1154,1154,20856,science_fiction,20856.epub
1155,1155,29408,science_fiction,29408.epub
1156,1156,22342,science_fiction,22342.epub
1157,1157,23198,science_fiction,23198.epub
1158,1158,29620,science_fiction,29620.epub
1159,1159,51380,science_fiction,51380.epub
1160,1160,6620,science_fiction,none
1161,1161,38287,science_fiction,38287.epub
1162,1162,20859,science_fiction,20859.epub
1163,1163,29308,science_fiction,29308.epub
1164,1164,50935,science_fiction,50935.epub
1165,1165,51810,science_fiction,51810.epub
1166,1166,25166,science_fiction,25166.epub
1167,1167,24529,science_fiction,24529.epub
1168,1168,51249,science_fiction,51249.epub
1169,1169,22226,science_fiction,22226.epub
1170,1170,24558,science_fiction,24558.epub
1171,1171,31599,science_fiction,31599.epub
1172,1172,32054,science_fiction,32054.epub
1173,1173,29488,science_fiction,29488.epub
1174,1174,23197,science_fiction,23197.epub
1175,1175,50940,science_fiction,50940.epub
1176,1176,30869,science_fiction,30869.epub
1177,1177,24196,science_fiction,24196.epub
1178,1178,22890,science_fiction,22890.epub
1179,1179,29354,science_fiction,29354.epub
1180,1180,51201,science_fiction,51201.epub
1181,1181,23942,science_fiction,23942.epub
1182,1182,23103,science_fiction,23103.epub
1183,1183,23563,science_fiction,23563.epub
1184,1184,29625,science_fiction,29625.epub
1185,1185,22590,science_fiction,22590.epub
1186,1186,50796,science_fiction,50796.epub
1187,1187,24382,science_fiction,24382.epub
1188,1188,32903,science_fiction,32903.epub
1189,1189,26292,science_fiction,26292.epub
1190,1190,29118,science_fiction,29118.epub
1191,1191,27609,science_fiction,27609.epub
1192,1192,33850,science_fiction,33850.epub
1193,1193,30715,science_fiction,30715.epub
1194,1194,40993,science_fiction,40993.epub
1195,1195,29027,science_fiction,29027.epub
1196,1196,30339,science_fiction,30339.epub
1197,1197,32208,science_fiction,32208.epub
1198,1198,22967,science_fiction,22967.epub
1199,1199,51150,science_fiction,51150.epub
1200,1200,31665,science_fiction,31665.epub
1201,1201,51075,science_fiction,51075.epub
1202,1202,17958,science_fiction,17958.epub
1203,1203,51234,science_fiction,51234.epub
1204,1204,22513,science_fiction,22513.epub
1205,1205,29727,science_fiction,29727.epub
1206,1206,22560,science_fiction,22560.epub
1207,1207,51687,science_fiction,51687.epub
1208,1208,23232,science_fiction,23232.epub
1209,1209,22512,science_fiction,22512.epub
1210,1210,19731,science_fiction,19731.epub
1211,1211,29954,science_fiction,29954.epub
1212,1212,26168,science_fiction,26168.epub
1213,1213,26856,science_fiction,26856.epub
1214,1214,51736,science_fiction,51736.epub
1215,1215,23928,science_fiction,23928.epub
1216,1216,29322,science_fiction,29322.epub
1217,1217,20551,science_fiction,20551.epub
1218,1218,51759,science_fiction,51759.epub
1219,1219,51571,science_fiction,51571.epub
1220,1220,31287,science_fiction,31287.epub
1221,1221,20132,science_fiction,20132.epub
1222,1222,30474,science_fiction,30474.epub
1223,1223,51576,science_fiction,51576.epub
1224,1224,50924,science_fiction,50924.epub
1225,1225,51844,science_fiction,51844.epub
1226,1226,51805,science_fiction,51805.epub
1227,1227,51610,science_fiction,51610.epub
1228,1228,51545,science_fiction,51545.epub
1229,1229,51445,science_fiction,51445.epub
1230,1230,51395,science_fiction,51395.epub
1231,1231,51351,science_fiction,51351.epub
1232,1232,51336,science_fiction,51336.epub
1233,1233,51331,science_fiction,51331.epub
1234,1234,51304,science_fiction,51304.epub
1235,1235,51231,science_fiction,51231.epub
1236,1236,51132,science_fiction,51132.epub
1237,1237,51121,science_fiction,51121.epub
1238,1238,51115,science_fiction,51115.epub
1239,1239,51035,science_fiction,51035.epub
1240,1240,50923,science_fiction,50923.epub
1241,1241,50885,science_fiction,50885.epub
1242,1242,50847,science_fiction,50847.epub
1243,1243,50702,science_fiction,50702.epub
1244,1244,50622,science_fiction,50622.epub
1245,1245,49901,science_fiction,49901.epub
1246,1246,49754,science_fiction,49754.epub
1247,1247,32906,science_fiction,32906.epub
1248,1248,32833,science_fiction,32833.epub
1249,1249,32827,science_fiction,32827.epub
1250,1250,32737,science_fiction,32737.epub
1251,1251,32697,science_fiction,32697.epub
1252,1252,32359,science_fiction,32359.epub
1253,1253,32127,science_fiction,32127.epub
1254,1254,32124,science_fiction,32124.epub
1255,1255,32079,science_fiction,32079.epub
1256,1256,31948,science_fiction,31948.epub
1257,1257,31736,science_fiction,31736.epub
1258,1258,31355,science_fiction,31355.epub
1259,1259,31215,science_fiction,31215.epub
1260,1260,30884,science_fiction,30884.epub
1261,1261,30491,science_fiction,30491.epub
1262,1262,30475,science_fiction,30475.epub
1263,1263,30416,science_fiction,30416.epub
1264,1264,30371,science_fiction,30371.epub
1265,1265,30361,science_fiction,30361.epub
1266,1266,30353,science_fiction,30353.epub
1267,1267,30288,science_fiction,30288.epub
1268,1268,30189,science_fiction,30189.epub
1269,1269,30015,science_fiction,30015.epub
1270,1270,30010,science_fiction,30010.epub
1271,1271,29976,science_fiction,29976.epub
1272,1272,29947,science_fiction,29947.epub
1273,1273,29794,science_fiction,29794.epub
1274,1274,29702,science_fiction,29702.epub
1275,1275,29475,science_fiction,29475.epub
1276,1276,29401,science_fiction,29401.epub
1277,1277,29356,science_fiction,29356.epub
1278,1278,29328,science_fiction,29328.epub
1279,1279,29133,science_fiction,29133.epub
1280,1280,29059,science_fiction,29059.epub
1281,1281,28954,science_fiction,28954.epub
1282,1282,28953,science_fiction,28953.epub
1283,1283,28894,science_fiction,28894.epub
1284,1284,28647,science_fiction,28647.epub
1285,1285,28646,science_fiction,28646.epub
1286,1286,28486,science_fiction,28486.epub
1287,1287,28450,science_fiction,28450.epub
1288,1288,28048,science_fiction,28048.epub
1289,1289,28047,science_fiction,28047.epub
1290,1290,28045,science_fiction,28045.epub
1291,1291,27968,science_fiction,27968.epub
1292,1292,27797,science_fiction,27797.epub
1293,1293,27492,science_fiction,27492.epub
1294,1294,27444,science_fiction,27444.epub
1295,1295,26957,science_fiction,26957.epub
1296,1296,26941,science_fiction,26941.epub
1297,1297,26917,science_fiction,26917.epub
1298,1298,26883,science_fiction,26883.epub
1299,1299,26010,science_fiction,26010.epub
1300,1300,24973,science_fiction,24973.epub
1301,1301,24655,science_fiction,24655.epub
1302,1302,24395,science_fiction,24395.epub
1303,1303,24380,science_fiction,24380.epub
1304,1304,24375,science_fiction,24375.epub
1305,1305,24221,science_fiction,24221.epub
1306,1306,24189,science_fiction,24189.epub
1307,1307,24187,science_fiction,24187.epub
1308,1308,24151,science_fiction,24151.epub
1309,1309,24118,science_fiction,24118.epub
1310,1310,23868,science_fiction,23868.epub
1311,1311,23790,science_fiction,23790.epub
1312,1312,23767,science_fiction,23767.epub
1313,1313,23651,science_fiction,23651.epub
1314,1314,18233,horror,18233.epub
1315,1315,10542,horror,10542.epub
1316,1316,10007,horror,10007.epub
1317,1317,14082,horror,14082.epub
1318,1318,11074,horror,11074.epub
1319,1319,23172,horror,23172.epub
1320,1320,12562,horror,12562.epub
1321,1321,345,horror,345.epub
1322,1322,19797,horror,19797.epub
1323,1323,6534,horror,none
1324,1324,10150,horror,10150.epub
1325,1325,16726,horror,16726.epub
1326,1326,8486,horror,8486.epub
1327,1327,9629,horror,9629.epub
1328,1328,389,horror,389.epub
1329,1329,25016,horror,25016.epub
1330,1330,17144,horror,17144.epub
1331,1331,10002,horror,10002.epub
1332,1332,18089,horror,18089.epub
1333,1333,3781,horror,3781.epub
1334,1334,8492,horror,8492.epub
1335,1335,3095,horror,3095.epub
1336,1336,1188,horror,1188.epub
1337,1337,14107,horror,14107.epub
1338,1338,2520,horror,2520.epub
1339,1339,5200,horror,5200.epub
1340,1340,10662,horror,10662.epub
1341,1341,375,horror,375.epub
1342,1342,20034,horror,20034.epub
1343,1343,31469,horror,31469.epub
1344,1344,14317,horror,14317.epub
1345,1345,43,horror,43.epub
1346,1346,42,horror,42.epub
1347,1347,14154,horror,14154.epub
1348,1348,20387,horror,20387.epub
1349,1349,7849,horror,7849.epub
1350,1350,209,horror,209.epub
1351,1351,53419,horror,53419.epub
1352,1352,10053,horror,10053.epub
1353,1353,6087,horror,6087.epub
1354,1354,14833,horror,14833.epub
1355,1355,10897,horror,10897.epub
1356,1356,14168,horror,14168.epub
1357,1357,11438,horror,11438.epub
1358,1358,2147,horror,2147.epub
1359,1359,2148,horror,2148.epub
1360,1360,2149,horror,2149.epub
1361,1361,2150,horror,2150.epub
1362,1362,2151,horror,2151.epub
1363,1363,6407,history,6407.epub
1364,1364,9672,history,none
1365,1365,507,history,507.epub
1366,1366,8623,history,none
1367,1367,1644,history,1644.epub
1368,1368,4085,history,4085.epub
1369,1369,13305,history,13305.epub
1370,1370,8374,history,8374.epub
1371,1371,7005,history,7005.epub
1372,1372,3606,history,3606.epub
1373,1373,9959,history,9959.epub
1374,1374,7060,history,7060.epub
1375,1375,20729,history,20729.epub
1376,1376,10558,history,none
1377,1377,21953,history,21953.epub
1378,1378,5571,history,5571.epub
1379,1379,5561,history,5561.epub
1380,1380,5562,history,5562.epub
1381,1381,5563,history,5563.epub
1382,1382,5564,history,5564.epub
1383,1383,5565,history,5565.epub
1384,1384,5566,history,5566.epub
1385,1385,5567,history,5567.epub
1386,1386,5568,history,5568.epub
1387,1387,5569,history,5569.epub
1388,1388,5570,history,5570.epub
1389,1389,17879,history,17879.epub
1390,1390,17880,history,17880.epub
1391,1391,9732,history,none
1392,1392,917,history,917.epub
1393,1393,4558,history,4558.epub
1394,1394,9522,history,none
1395,1395,2145,history,2145.epub
1396,1396,8810,history,none
1397,1397,16832,history,16832.epub
1398,1398,7037,history,7037.epub
1399,1399,6490,history,6490.epub
1400,1400,848,history,848.epub
1401,1401,1460,history,1460.epub
1402,1402,21298,history,21298.epub
1403,1403,965,history,965.epub
1404,1404,19977,history,19977.epub
1405,1405,19070,history,19070.epub
1406,1406,7318,history,7318.epub
1407,1407,471,history,471.epub
1408,1408,5529,history,5529.epub
1409,1409,5517,history,5517.epub
1410,1410,5518,history,5518.epub
1411,1411,5519,history,5519.epub
1412,1412,5520,history,5520.epub
1413,1413,5521,history,5521.epub
1414,1414,5522,history,5522.epub
1415,1415,5523,history,5523.epub
1416,1416,5524,history,5524.epub
1417,1417,5525,history,5525.epub
1418,1418,5526,history,5526.epub
1419,1419,5527,history,5527.epub
1420,1420,5528,history,5528.epub
1421,1421,6953,history,6953.epub
1422,1422,8679,history,8679.epub
1423,1423,6952,history,6952.epub
1424,1424,19398,history,19398.epub
1425,1425,2573,history,2573.epub
1426,1426,5897,history,5897.epub
1427,1427,589,history,589.epub
1428,1428,5274,history,5274.epub
1429,1429,18028,history,18028.epub
1430,1430,6471,history,6471.epub
1431,1431,1921,history,1921.epub
1432,1432,13567,history,13567.epub
1433,1433,5482,history,5482.epub
1434,1434,5473,history,5473.epub
1435,1435,5474,history,5474.epub
1436,1436,5475,history,5475.epub
1437,1437,5476,history,5476.epub
1438,1438,5477,history,5477.epub
1439,1439,5478,history,5478.epub
1440,1440,5479,history,5479.epub
1441,1441,5480,history,5480.epub
1442,1442,5481,history,5481.epub
1443,1443,1366,history,1366.epub
1444,1444,13819,history,13819.epub
1445,1445,7079,history,7079.epub
1446,1446,17849,history,17849.epub
1447,1447,17403,history,17403.epub
1448,1448,44083,history,44083.epub
1449,1449,18387,history,18387.epub
1450,1450,7630,history,7630.epub
1451,1451,7624,history,7624.epub
1452,1452,7626,history,7626.epub
1453,1453,7627,history,7627.epub
1454,1454,7628,history,7628.epub
1455,1455,7629,history,7629.epub
1456,1456,7635,history,7635.epub
1457,1457,3139,history,3139.epub
1458,1458,3674,history,3674.epub
1459,1459,7472,history,7472.epub
1460,1460,13215,history,13215.epub
1461,1461,5460,history,5460.epub
1462,1462,5450,history,5450.epub
1463,1463,5451,history,5451.epub
1464,1464,5452,history,5452.epub
1465,1465,5453,history,5453.epub
1466,1466,5454,history,5454.epub
1467,1467,5455,history,5455.epub
1468,1468,5456,history,5456.epub
1469,1469,5457,history,5457.epub
1470,1470,5458,history,5458.epub
1471,1471,5459,history,5459.epub
1472,1472,2160,history,2160.epub
1473,1473,7987,history,7987.epub
1474,1474,53394,history,53394.epub
1475,1475,5950,history,5950.epub
1476,1476,15694,history,15694.epub
1477,1477,2079,history,2079.epub
1478,1478,1939,history,1939.epub
1479,1479,11656,history,11656.epub
1480,1480,7387,history,7387.epub
1481,1481,17949,history,17949.epub
1482,1482,17950,history,17950.epub
1483,1483,17951,history,17951.epub
1484,1484,1359,history,1359.epub
1485,1485,2590,history,2590.epub
1486,1486,5999,history,5999.epub
1487,1487,5355,history,5355.epub
1488,1488,5353,history,5353.epub
1489,1489,5354,history,5354.epub
1490,1490,17597,history,17597.epub
1491,1491,7684,history,7684.epub
1492,1492,7672,history,7672.epub
1493,1493,7673,history,7673.epub
1494,1494,7674,history,7674.epub
1495,1495,7675,history,7675.epub
1496,1496,7676,history,7676.epub
1497,1497,7677,history,7677.epub
1498,1498,7678,history,7678.epub
1499,1499,7679,history,7679.epub
1500,1500,7680,history,7680.epub
1501,1501,7681,history,7681.epub
1502,1502,7682,history,7682.epub
1503,1503,7683,history,7683.epub
1504,1504,12847,history,12847.epub
1505,1505,6944,history,6944.epub
1506,1506,6942,history,6942.epub
1507,1507,6943,history,6943.epub
1508,1508,7815,history,7815.epub
1509,1509,15651,history,15651.epub
1510,1510,2511,history,2511.epub
1511,1511,9530,history,none
1512,1512,17851,history,17851.epub
1513,1513,17221,history,17221.epub
1514,1514,5499,history,5499.epub
1515,1515,5494,history,5494.epub
1516,1516,5495,history,5495.epub
1517,1517,5496,history,5496.epub
1518,1518,5497,history,5497.epub
1519,1519,5498,history,5498.epub
1520,1520,2041,history,2041.epub
1521,1521,6308,history,6308.epub
1522,1522,4792,history,4792.epub
1523,1523,5587,history,5587.epub
1524,1524,5584,history,5584.epub
1525,1525,5585,history,5585.epub
1526,1526,5586,history,5586.epub
1527,1527,13183,history,13183.epub
1528,1528,18349,history,18349.epub
1529,1529,13243,history,13243.epub
1530,1530,15769,history,15769.epub
1531,1531,82,history,82.epub
1532,1532,18357,history,18357.epub
1533,1533,1606,history,1606.epub
1534,1534,421,history,421.epub
1535,1535,14034,history,14034.epub
1536,1536,16196,history,16196.epub
1537,1537,21315,history,21315.epub
1538,1538,1550,history,1550.epub
1539,1539,15493,history,15493.epub
1540,1540,4364,history,4364.epub
1541,1541,8818,history,none
1542,1542,1565,history,1565.epub
1543,1543,7727,history,7727.epub
1544,1544,7715,history,7715.epub
1545,1545,7716,history,7716.epub
1546,1546,7717,history,7717.epub
1547,1547,7718,history,7718.epub
1548,1548,7719,history,7719.epub
1549,1549,7720,history,7720.epub
1550,1550,7721,history,7721.epub
1551,1551,7722,history,7722.epub
1552,1552,7723,history,7723.epub
1553,1553,7724,history,7724.epub
1554,1554,7725,history,7725.epub
1555,1555,7726,history,7726.epub
1556,1556,940,history,940.epub
1557,1557,1461,history,1461.epub
1558,1558,9756,history,9756.epub
1559,1559,9757,history,9757.epub
1560,1560,9758,history,9758.epub
1561,1561,9759,history,9759.epub
1562,1562,9760,history,9760.epub
1563,1563,9761,history,9761.epub
1564,1564,14813,history,14813.epub
1565,1565,17546,history,17546.epub
1566,1566,5075,history,5075.epub
1567,1567,20219,history,20219.epub
1568,1568,3048,history,3048.epub
1569,1569,9377,history,9377.epub
1570,1570,13227,history,13227.epub
1571,1571,840,history,840.epub
1572,1572,16654,history,16654.epub
1573,1573,5754,history,5754.epub
1574,1574,966,history,966.epub
1575,1575,5757,history,5757.epub
1576,1576,15868,history,15868.epub
1577,1577,7061,history,7061.epub
1578,1578,16100,history,16100.epub
1579,1579,4057,history,4057.epub
1580,1580,4058,history,4058.epub
1581,1581,16720,history,16720.epub
1582,1582,864,history,864.epub
1583,1583,11574,history,11574.epub
1584,1584,12259,history,12259.epub
1585,1585,9504,history,9504.epub
1586,1586,145,history,145.epub
1587,1587,8227,history,none
1588,1588,135,history,135.epub
1589,1589,6406,history,6406.epub
1590,1590,1631,history,1631.epub
1591,1591,1848,history,1848.epub
1592,1592,10743,history,10743.epub
1593,1593,63,history,63.epub
1594,1594,9415,history,9415.epub
1595,1595,6941,history,6941.epub
1596,1596,6939,history,6939.epub
1597,1597,6940,history,6940.epub
1598,1598,11082,history,11082.epub
1599,1599,14313,history,14313.epub
1600,1600,6480,history,6480.epub
1601,1601,7749,history,7749.epub
1602,1602,7737,history,7737.epub
1603,1603,7738,history,7738.epub
1604,1604,7739,history,7739.epub
1605,1605,7740,history,7740.epub
1606,1606,7741,history,7741.epub
1607,1607,7742,history,7742.epub
1608,1608,7743,history,7743.epub
1609,1609,7744,history,7744.epub
1610,1610,7745,history,7745.epub
1611,1611,7746,history,7746.epub
1612,1612,7747,history,7747.epub
1613,1613,7748,history,7748.epub
1614,1614,17850,history,17850.epub
1615,1615,2874,history,2874.epub
1616,1616,2875,history,2875.epub
1617,1617,5959,history,5959.epub
1618,1618,7974,history,7974.epub
1619,1619,3696,history,3696.epub
1620,1620,26252,history,none
1621,1621,8611,history,none
1622,1622,1837,history,1837.epub
1623,1623,7154,history,7154.epub
1624,1624,7155,history,7155.epub
1625,1625,7156,history,7156.epub
1626,1626,7157,history,7157.epub
1627,1627,7158,history,7158.epub
1628,1628,7159,history,7159.epub
1629,1629,7160,history,7160.epub
1630,1630,7161,history,7161.epub
1631,1631,7162,history,7162.epub
1632,1632,7853,history,7853.epub
1633,1633,8816,history,none
1634,1634,2853,history,2853.epub
1635,1635,13975,history,13975.epub
1636,1636,15010,history,15010.epub
1637,1637,53362,history,53362.epub
1638,1638,73,history,73.epub
1639,1639,463,history,463.epub
1640,1640,2516,history,2516.epub
1641,1641,11413,history,11413.epub
1642,1642,12449,history,12449.epub
1643,1643,17853,history,17853.epub
1644,1644,1396,history,1396.epub
1645,1645,13375,history,13375.epub
1646,1646,16828,history,16828.epub
1647,1647,7025,history,7025.epub
1648,1648,7023,history,7023.epub
1649,1649,7024,history,7024.epub
1650,1650,5148,history,5148.epub
1651,1651,15995,history,15995.epub
1652,1652,1290,history,1290.epub
1653,1653,6086,history,6086.epub
1654,1654,17852,history,17852.epub
1655,1655,5507,history,5507.epub
1656,1656,5501,history,5501.epub
1657,1657,5502,history,5502.epub
1658,1658,5503,history,5503.epub
1659,1659,5504,history,5504.epub
1660,1660,5505,history,5505.epub
1661,1661,30486,history,30486.epub
1662,1662,5466,history,5466.epub
1663,1663,5461,history,5461.epub
1664,1664,5462,history,5462.epub
1665,1665,5463,history,5463.epub
1666,1666,5464,history,5464.epub
1667,1667,5465,history,5465.epub
1668,1668,6437,history,6437.epub
1669,1669,7435,history,7435.epub
1670,1670,9845,history,9845.epub
1671,1671,12396,history,12396.epub
1672,1672,12397,history,12397.epub
1673,1673,5750,history,5750.epub
1674,1674,3429,history,3429.epub
1675,1675,322,history,322.epub
1676,1676,53383,history,53383.epub
1677,1677,5708,history,5708.epub
1678,1678,20749,history,20749.epub
1679,1679,6428,history,6428.epub
1680,1680,4074,history,4074.epub
1681,1681,3760,history,3760.epub
1682,1682,98,history,98.epub
1683,1683,1377,history,1377.epub
1684,1684,13054,history,13054.epub
1685,1685,5542,history,5542.epub
1686,1686,1257,history,1257.epub
1687,1687,30457,history,30457.epub
1688,1688,13404,history,13404.epub
1689,1689,120,history,120.epub
1690,1690,13951,history,13951.epub
1691,1691,1910,history,1910.epub
1692,1692,1259,history,1259.epub
1693,1693,2942,history,2942.epub
1694,1694,5449,history,5449.epub
1695,1695,5439,history,5439.epub
1696,1696,5440,history,5440.epub
1697,1697,5441,history,5441.epub
1698,1698,5442,history,5442.epub
1699,1699,5443,history,5443.epub
1700,1700,5444,history,5444.epub
1701,1701,5445,history,5445.epub
1702,1702,5446,history,5446.epub
1703,1703,5447,history,5447.epub
1704,1704,5448,history,5448.epub
1705,1705,10581,history,10581.epub
1706,1706,1896,history,1896.epub
1707,1707,20207,history,20207.epub
1708,1708,4596,history,4596.epub
1709,1709,599,history,599.epub
1710,1710,2609,history,2609.epub
1711,1711,18997,history,18997.epub
1712,1712,13947,history,13947.epub
1713,1713,13948,history,13948.epub
1714,1714,13949,history,13949.epub
1715,1715,13950,history,13950.epub
1716,1716,13952,history,13952.epub
1717,1717,8123,history,8123.epub
1718,1718,4443,history,4443.epub
1719,1719,4435,history,4435.epub
1720,1720,4436,history,4436.epub
1721,1721,4437,history,4437.epub
1722,1722,4438,history,4438.epub
1723,1723,4439,history,4439.epub
1724,1724,4440,history,4440.epub
1725,1725,4441,history,4441.epub
1726,1726,4442,history,4442.epub
1727,1727,2600,history,2600.epub
1728,1728,53358,history,53358.epub
1729,1729,6661,history,6661.epub
1730,1730,5998,history,5998.epub
1731,1731,2034,history,2034.epub
1732,1732,4966,history,4966.epub
1733,1733,4964,history,4964.epub
1734,1734,4965,history,4965.epub
1735,1735,1860,history,1860.epub
1736,1736,903,history,903.epub
1737,1737,2866,history,2866.epub
1738,1738,18833,history,18833.epub
1739,1739,19714,history,19714.epub
1740,1740,2805,history,2805.epub
1741,1741,8651,history,8651.epub
1742,1742,4931,history,4931.epub
1743,1743,9785,history,9785.epub
1744,1744,13752,history,13752.epub
1745,1745,8745,history,8745.epub
1746,1746,8938,history,8938.epub
1747,1747,10551,adventure,10551.epub
1748,1748,5174,adventure,5174.epub
1749,1749,711,adventure,711.epub
1750,1750,2727,adventure,2727.epub
1751,1751,5746,adventure,5746.epub
1752,1752,103,adventure,103.epub
1753,1753,5228,adventure,5228.epub
1754,1754,8753,adventure,none
1755,1755,85,adventure,85.epub
1756,1756,848,adventure,848.epub
1757,1757,24450,adventure,24450.epub
1758,1758,27525,adventure,27525.epub
1759,1759,10422,adventure,10422.epub
1760,1760,19678,adventure,19678.epub
1761,1761,215,adventure,215.epub
1762,1762,1965,adventure,1965.epub
1763,1763,2225,adventure,2225.epub
1764,1764,589,adventure,589.epub
1765,1765,18970,adventure,18970.epub
1766,1766,1711,adventure,1711.epub
1767,1767,1184,adventure,1184.epub
1768,1768,53341,adventure,53341.epub
1769,1769,1752,adventure,1752.epub
1770,1770,2785,adventure,2785.epub
1771,1771,5241,adventure,5241.epub
1772,1772,1724,adventure,1724.epub
1773,1773,3526,adventure,3526.epub
1774,1774,559,adventure,559.epub
1775,1775,5606,adventure,5606.epub
1776,1776,4400,adventure,4400.epub
1777,1777,2728,adventure,2728.epub
1778,1778,2841,adventure,2841.epub
1779,1779,5194,adventure,5194.epub
1780,1780,11357,adventure,11357.epub
1781,1781,8758,adventure,none
1782,1782,106,adventure,106.epub
1783,1783,25803,adventure,25803.epub
1784,1784,421,adventure,421.epub
1785,1785,2226,adventure,2226.epub
1786,1786,6066,adventure,6066.epub
1787,1787,2166,adventure,2166.epub
1788,1788,5805,adventure,5805.epub
1789,1789,19307,adventure,19307.epub
1790,1790,2710,adventure,2710.epub
1791,1791,2713,adventure,2713.epub
1792,1792,2759,adventure,2759.epub
1793,1793,1690,adventure,1690.epub
1794,1794,15,adventure,15.epub
1795,1795,10743,adventure,10743.epub
1796,1796,560,adventure,560.epub
1797,1797,8761,adventure,none
1798,1798,30324,adventure,30324.epub
1799,1799,6769,adventure,6769.epub
1800,1800,611,adventure,611.epub
1801,1801,95,adventure,95.epub
1802,1802,11617,adventure,11617.epub
1803,1803,5153,adventure,5153.epub
1804,1804,1145,adventure,1145.epub
1805,1805,35545,adventure,35545.epub
1806,1806,1947,adventure,1947.epub
1807,1807,60,adventure,60.epub
1808,1808,3155,adventure,3155.epub
1809,1809,5745,adventure,5745.epub
1810,1810,8754,adventure,none
1811,1811,90,adventure,90.epub
1812,1812,92,adventure,92.epub
1813,1813,8755,adventure,none
1814,1814,6532,adventure,none
1815,1815,78,adventure,78.epub
1816,1816,8768,adventure,none
1817,1817,2020,adventure,2020.epub
1818,1818,8767,adventure,none
1819,1819,1401,adventure,1401.epub
1820,1820,2681,adventure,2681.epub
1821,1821,24920,adventure,24920.epub
1822,1822,558,adventure,558.epub
1823,1823,1257,adventure,1257.epub
1824,1824,5315,adventure,5315.epub
1825,1825,1259,adventure,1259.epub
1826,1826,2609,adventure,2609.epub
1827,1827,910,adventure,910.epub
1828,1828,6751,adventure,6751.epub
1829,1829,5164,mystery,5164.epub
1830,1830,345,mystery,345.epub
1831,1831,559,mystery,559.epub
1832,1832,155,mystery,155.epub
1833,1833,564,mystery,564.epub
1834,1834,974,mystery,974.epub
1835,1835,558,mystery,558.epub
1836,1836,583,mystery,583.epub
1837,1837,2147,mystery,2147.epub
1838,1838,2148,mystery,2148.epub
1839,1839,2149,mystery,2149.epub
1840,1840,2150,mystery,2150.epub
1841,1841,2151,mystery,2151.epub
1842,1842,16435,fantasy,16435.epub
1843,1843,7477,fantasy,7477.epub
1844,1844,288,fantasy,288.epub
1845,1845,234,fantasy,234.epub
1846,1846,11752,fantasy,11752.epub
1847,1847,2414,fantasy,2414.epub
1848,1848,9608,fantasy,9608.epub
1849,1849,1605,fantasy,1605.epub
1850,1850,9663,fantasy,9663.epub
1851,1851,4282,fantasy,4282.epub
1852,1852,420,fantasy,420.epub
1853,1853,19450,fantasy,19450.epub
1854,1854,22566,fantasy,22566.epub
1855,1855,8129,fantasy,8129.epub
1856,1856,10882,fantasy,10882.epub
1857,1857,517,fantasy,517.epub
1858,1858,518,fantasy,518.epub
1859,1859,7838,fantasy,7838.epub
1860,1860,11639,fantasy,11639.epub
1861,1861,831,fantasy,831.epub
1862,1862,8715,fantasy,8715.epub
1863,1863,961,fantasy,961.epub
1864,1864,8395,fantasy,8395.epub
1865,1865,604,fantasy,604.epub
1866,1866,2060,fantasy,2060.epub
1867,1867,15948,fantasy,15948.epub
1868,1868,2885,fantasy,2885.epub
1869,1869,10002,fantasy,10002.epub
1870,1870,1311,fantasy,1311.epub
1871,1871,6582,fantasy,6582.epub
1872,1872,2892,fantasy,2892.epub
1873,1873,9829,fantasy,9829.epub
1874,1874,8771,fantasy,8771.epub
1875,1875,1267,fantasy,1267.epub
1876,1876,12753,fantasy,12753.epub
1877,1877,9488,fantasy,9488.epub
1878,1878,19467,fantasy,19467.epub
1879,1879,959,fantasy,959.epub
1880,1880,5160,fantasy,5160.epub
1881,1881,19959,fantasy,19959.epub
1882,1882,19973,fantasy,19973.epub
1883,1883,19976,fantasy,19976.epub
1884,1884,419,fantasy,419.epub
1885,1885,54,fantasy,54.epub
1886,1886,19466,fantasy,19466.epub
1887,1887,17426,fantasy,17426.epub
1888,1888,5660,fantasy,5660.epub
1889,1889,436,fantasy,436.epub
1890,1890,1557,fantasy,1557.epub
1891,1891,964,fantasy,964.epub
1892,1892,10148,fantasy,10148.epub
1893,1893,1077,fantasy,1077.epub
1894,1894,1251,fantasy,1251.epub
1895,1895,1252,fantasy,1252.epub
1896,1896,3261,fantasy,3261.epub
1897,1897,10662,fantasy,10662.epub
1898,1898,5988,fantasy,5988.epub
1899,1899,2865,fantasy,2865.epub
1900,1900,486,fantasy,486.epub
1901,1901,955,fantasy,955.epub
1902,1902,11283,fantasy,11283.epub
1903,1903,19393,fantasy,19393.epub
1904,1904,958,fantasy,958.epub
1905,1905,10041,fantasy,10041.epub
1906,1906,485,fantasy,485.epub
1907,1907,832,fantasy,832.epub
1908,1908,6050,fantasy,6050.epub
1909,1909,3687,fantasy,3687.epub
1910,1910,957,fantasy,957.epub
1911,1911,4358,fantasy,4358.epub
1912,1912,13664,fantasy,13664.epub
1913,1913,4356,fantasy,4356.epub
1914,1914,15551,fantasy,15551.epub
1915,1915,12747,fantasy,12747.epub
1916,1916,13486,fantasy,13486.epub
1917,1917,18328,fantasy,18328.epub
1918,1918,10745,fantasy,10745.epub
1919,1919,2565,fantasy,2565.epub
1920,1920,1152,fantasy,1152.epub
1921,1921,16259,fantasy,16259.epub
1922,1922,10806,fantasy,10806.epub
1923,1923,17134,fantasy,17134.epub
1924,1924,11440,fantasy,11440.epub
1925,1925,5713,fantasy,5713.epub
1926,1926,13821,fantasy,13821.epub
1927,1927,956,fantasy,956.epub
1928,1928,8183,fantasy,8183.epub
1929,1929,960,fantasy,960.epub
1930,1930,1751,fantasy,1751.epub
1931,1931,13820,fantasy,13820.epub
1932,1932,1076,fantasy,1076.epub
1933,1933,8778,fantasy,8778.epub
1934,1934,169,fantasy,169.epub
1935,1935,55,fantasy,55.epub
1936,1936,3055,fantasy,3055.epub
1937,1937,17973,fantasy,17973.epub
1938,1938,11097,fantasy,11097.epub
1939,1939,32285,comedy,32285.epub
1940,1940,7464,comedy,7464.epub
1941,1941,4020,comedy,4020.epub
1942,1942,30190,comedy,30190.epub
1943,1943,25129,comedy,25129.epub
1944,1944,36703,comedy,36703.epub
1945,1945,23449,comedy,23449.epub
1946,1946,33391,comedy,33391.epub
1947,1947,33261,comedy,33261.epub
1948,1948,22145,comedy,22145.epub
1949,1949,13646,comedy,13646.epub
1950,1950,982,comedy,982.epub
1951,1951,30689,comedy,30689.epub
1952,1952,14667,comedy,14667.epub
1953,1953,7028,comedy,7028.epub
1954,1954,11138,comedy,11138.epub
1955,1955,21427,comedy,21427.epub
1956,1956,6880,comedy,6880.epub
1957,1957,29425,comedy,29425.epub
1958,1958,22689,comedy,22689.epub
1959,1959,28327,comedy,28327.epub
1960,1960,2233,comedy,2233.epub
1961,1961,8176,comedy,8176.epub
1962,1962,13993,comedy,13993.epub
1963,1963,972,comedy,972.epub
1964,1964,1026,comedy,1026.epub
1965,1965,21517,comedy,none
1966,1966,35374,comedy,35374.epub
1967,1967,23783,comedy,23783.epub
1968,1968,30411,comedy,30411.epub
1969,1969,6438,comedy,6438.epub
1970,1970,20026,comedy,none
1971,1971,1989,comedy,1989.epub
1972,1972,8457,comedy,8457.epub
1973,1973,11504,comedy,11504.epub
1974,1974,8931,comedy,8931.epub
1975,1975,35302,comedy,35302.epub
1976,1976,6995,comedy,6995.epub
1977,1977,6879,comedy,6879.epub
1978,1978,24018,comedy,24018.epub
1979,1979,23024,comedy,23024.epub
1980,1980,31884,comedy,31884.epub
1981,1981,6877,comedy,6877.epub
1982,1982,32274,comedy,32274.epub
1983,1983,4781,comedy,4781.epub
1984,1984,53359,comedy,53359.epub
1985,1985,2618,comedy,2618.epub
1986,1986,26388,comedy,26388.epub
1987,1987,18881,comedy,18881.epub
1988,1988,28459,comedy,28459.epub
1989,1989,3756,comedy,3756.epub
1990,1990,4075,comedy,4075.epub
1991,1991,33623,comedy,33623.epub
1992,1992,20352,comedy,20352.epub
1993,1993,20533,comedy,20533.epub
1994,1994,40127,comedy,40127.epub
1995,1995,35304,comedy,35304.epub
1996,1996,13649,comedy,13649.epub
1997,1997,34721,comedy,34721.epub
1998,1998,6340,comedy,6340.epub
1999,1999,6683,comedy,6683.epub
2000,2000,6837,comedy,6837.epub
2001,2001,3829,comedy,3829.epub
2002,2002,20532,comedy,20532.epub
2003,2003,8713,comedy,8713.epub
2004,2004,6768,comedy,6768.epub
2005,2005,7471,comedy,7471.epub
2006,2006,7423,comedy,7423.epub
2007,2007,10586,comedy,10586.epub
2008,2008,25919,comedy,25919.epub
2009,2009,4064,comedy,4064.epub
2010,2010,13648,comedy,13648.epub
2011,2011,29560,comedy,29560.epub
2012,2012,22537,comedy,22537.epub
2013,2013,13784,comedy,13784.epub
2014,2014,14684,comedy,14684.epub
2015,2015,7976,comedy,7976.epub
2016,2016,33432,comedy,33432.epub
2017,2017,40320,comedy,40320.epub
2018,2018,36529,comedy,36529.epub
2019,2019,37166,comedy,37166.epub
2020,2020,29022,comedy,29022.epub
2021,2021,35874,comedy,35874.epub
2022,2022,37882,comedy,37882.epub
2023,2023,39160,comedy,39160.epub
2024,2024,38146,comedy,38146.epub
2025,2025,36177,comedy,36177.epub
2026,2026,33824,comedy,33824.epub
2027,2027,42400,comedy,42400.epub
2028,2028,43355,comedy,43355.epub
2029,2029,38586,comedy,38586.epub
2030,2030,34676,comedy,34676.epub
2031,2031,38683,comedy,38683.epub
2032,2032,39707,comedy,39707.epub
2033,2033,35027,comedy,35027.epub
2034,2034,33918,comedy,33918.epub
2035,2035,37324,comedy,37324.epub
2036,2036,8164,comedy,8164.epub
2037,2037,22495,comedy,22495.epub
2038,2038,13650,comedy,13650.epub
2039,2039,20113,comedy,20113.epub
2040,2040,4682,comedy,4682.epub
2041,2041,13647,comedy,13647.epub
2042,2042,7230,comedy,7230.epub
2043,2043,5803,comedy,5803.epub
2044,2044,30131,comedy,30131.epub
2045,2045,4729,comedy,4729.epub
2046,2046,24259,comedy,24259.epub
2047,2047,24313,comedy,24313.epub
2048,2048,2005,comedy,2005.epub
2049,2049,8178,comedy,8178.epub
2050,2050,6984,comedy,6984.epub
2051,2051,6985,comedy,6985.epub
2052,2052,6955,comedy,6955.epub
2053,2053,6753,comedy,6753.epub
2054,2054,2607,comedy,2607.epub
2055,2055,3169,comedy,3169.epub
2056,2056,22518,comedy,22518.epub
2057,2057,21157,comedy,none
2058,2058,6840,comedy,6840.epub
2059,2059,8220,comedy,8220.epub
2060,2060,10554,comedy,10554.epub
2061,2061,24258,comedy,24258.epub
2062,2062,23338,comedy,23338.epub
2063,2063,9450,comedy,9450.epub
2064,2064,9443,comedy,9443.epub
2065,2065,9444,comedy,9444.epub
2066,2066,9445,comedy,9445.epub
2067,2067,9446,comedy,9446.epub
2068,2068,9447,comedy,9447.epub
2069,2069,9448,comedy,9448.epub
2070,2070,9449,comedy,9449.epub
2071,2071,3425,comedy,3425.epub
2072,2072,12386,comedy,12386.epub
2073,2073,18091,comedy,18091.epub
2074,2074,7833,comedy,7833.epub
2075,2075,15758,comedy,15758.epub
2076,2076,2042,comedy,2042.epub
2077,2077,7251,comedy,7251.epub
2078,2078,7050,comedy,7050.epub
2079,2079,6980,comedy,6980.epub
2080,2080,27284,comedy,27284.epub
2081,2081,13872,comedy,13872.epub
2082,2082,6836,comedy,6836.epub
2083,2083,8204,comedy,none
2084,2084,308,comedy,308.epub
2085,2085,2183,comedy,2183.epub
2086,2086,24197,comedy,24197.epub
2087,2087,34171,comedy,34171.epub
2088,2088,6684,comedy,6684.epub
2089,2089,26853,comedy,26853.epub
2090,2090,6927,comedy,6927.epub
2091,2091,7298,comedy,7298.epub
2092,2092,20633,comedy,20633.epub
2093,2093,18734,comedy,18734.epub
2094,2094,18465,comedy,18465.epub
2095,2095,18464,comedy,18464.epub
2096,2096,18776,comedy,18776.epub
2097,2097,24433,comedy,24433.epub
2098,2098,24432,comedy,24432.epub
2099,2099,19325,comedy,19325.epub
2100,2100,19324,comedy,19324.epub
2101,2101,19323,comedy,19323.epub
2102,2102,24434,comedy,24434.epub
2103,2103,24754,comedy,24754.epub
2104,2104,8190,comedy,8190.epub
2105,2105,4715,crime,4715.epub
2106,2106,706,crime,706.epub
2107,2107,20592,crime,none
2108,2108,4014,crime,4014.epub
2109,2109,6382,crime,6382.epub
2110,2110,19706,crime,19706.epub
2111,2111,2554,crime,2554.epub
2112,2112,1563,crime,1563.epub
2113,2113,1703,crime,1703.epub
2114,2114,19142,crime,19142.epub
2115,2115,1182,crime,1182.epub
2116,2116,7896,crime,7896.epub
2117,2117,6133,crime,6133.epub
2118,2118,17169,crime,17169.epub
2119,2119,1159,crime,1159.epub
2120,2120,18613,crime,18613.epub
2121,2121,15323,crime,15323.epub
2122,2122,17959,crime,17959.epub
2123,2123,4017,crime,4017.epub
2124,2124,173,crime,173.epub
2125,2125,7873,crime,none
2126,2126,9806,crime,9806.epub
2127,2127,17866,crime,17866.epub
2128,2128,11153,crime,11153.epub
2129,2129,2126,crime,2126.epub
2130,2130,707,crime,707.epub
2131,2131,1183,crime,1183.epub
2132,2132,12590,crime,12590.epub
2133,2133,5697,crime,5697.epub
2134,2134,13058,crime,13058.epub
2135,2135,2098,crime,2098.epub
2136,2136,2028,crime,2028.epub
2137,2137,15540,children,15540.epub
2138,2138,18581,children,18581.epub
2139,2139,21626,children,21626.epub
2140,2140,18968,children,18968.epub
2141,2141,15002,children,15002.epub
2142,2142,7346,children,7346.epub
2143,2143,14606,children,14606.epub
2144,2144,14831,children,14831.epub
2145,2145,20043,children,20043.epub
2146,2146,22224,children,22224.epub
2147,2147,7060,children,7060.epub
2148,2148,20729,children,20729.epub
2149,2149,21715,children,21715.epub
2150,2150,21716,children,21716.epub
2151,2151,23370,children,23370.epub
2152,2152,21717,children,21717.epub
2153,2153,7037,children,7037.epub
2154,2154,21718,children,21718.epub
2155,2155,21901,children,21901.epub
2156,2156,21748,children,21748.epub
2157,2157,15348,children,15348.epub
2158,2158,23371,children,23371.epub
2159,2159,21719,children,21719.epub
2160,2160,7006,children,7006.epub
2161,2161,19070,children,19070.epub
2162,2162,5977,children,5977.epub
2163,2163,21236,children,21236.epub
2164,2164,13354,children,13354.epub
2165,2165,21125,children,21125.epub
2166,2166,9990,children,9990.epub
2167,2167,7318,children,7318.epub
2168,2168,11978,children,11978.epub
2169,2169,22433,children,22433.epub
2170,2170,23372,children,23372.epub
2171,2171,21237,children,21237.epub
2172,2172,21823,children,21823.epub
2173,2173,6953,children,6953.epub
2174,2174,8679,children,8679.epub
2175,2175,6952,children,6952.epub
2176,2176,19398,children,19398.epub
2177,2177,8576,children,8576.epub
2178,2178,23267,children,23267.epub
2179,2179,296,children,296.epub
2180,2180,21238,children,21238.epub
2181,2181,399,children,399.epub
2182,2182,14647,children,14647.epub
2183,2183,21720,children,21720.epub
2184,2184,23262,children,23262.epub
2185,2185,10682,children,10682.epub
2186,2186,23108,children,23108.epub
2187,2187,6899,children,6899.epub
2188,2188,21239,children,21239.epub
2189,2189,8155,children,8155.epub
2190,2190,23773,children,23773.epub
2191,2191,21721,children,21721.epub
2192,2192,7124,children,7124.epub
2193,2193,646,children,646.epub
2194,2194,17403,children,17403.epub
2195,2195,11337,children,11337.epub
2196,2196,21725,children,21725.epub
2197,2197,21710,children,21710.epub
2198,2198,21846,children,21846.epub
2199,2199,10340,children,10340.epub
2200,2200,53345,children,53345.epub
2201,2201,21986,children,21986.epub
2202,2202,7493,children,7493.epub
2203,2203,21726,children,21726.epub
2204,2204,21942,children,21942.epub
2205,2205,21727,children,21727.epub
2206,2206,53367,children,53367.epub
2207,2207,5747,children,5747.epub
2208,2208,21728,children,21728.epub
2209,2209,10929,children,10929.epub
2210,2210,53479,children,53479.epub
2211,2211,24124,children,24124.epub
2212,2212,24283,children,24283.epub
2213,2213,3674,children,3674.epub
2214,2214,530,children,530.epub
2215,2215,21729,children,21729.epub
2216,2216,23373,children,23373.epub
2217,2217,20515,children,20515.epub
2218,2218,3536,children,3536.epub
2219,2219,21730,children,21730.epub
2220,2220,462,children,462.epub
2221,2221,6461,children,6461.epub
2222,2222,21632,children,21632.epub
2223,2223,23492,children,23492.epub
2224,2224,18803,children,18803.epub
2225,2225,23380,children,23380.epub
2226,2226,21731,children,21731.epub
2227,2227,21202,children,21202.epub
2228,2228,20031,children,20031.epub
2229,2229,17314,children,17314.epub
2230,2230,21735,children,21735.epub
2231,2231,53386,children,53386.epub
2232,2232,8411,children,8411.epub
2233,2233,15760,children,15760.epub
2234,2234,14876,children,14876.epub
2235,2235,20791,children,20791.epub
2236,2236,21979,children,21979.epub
2237,2237,21732,children,21732.epub
2238,2238,20730,children,20730.epub
2239,2239,21614,children,21614.epub
2240,2240,24252,children,24252.epub
2241,2241,19592,children,19592.epub
2242,2242,1573,children,1573.epub
2243,2243,23505,children,23505.epub
2244,2244,15055,children,15055.epub
2245,2245,11565,children,11565.epub
2246,2246,14964,children,14964.epub
2247,2247,22565,children,22565.epub
2248,2248,23263,children,23263.epub
2249,2249,21737,children,21737.epub
2250,2250,23384,children,23384.epub
2251,2251,15689,children,15689.epub
2252,2252,21733,children,21733.epub
2253,2253,19140,children,19140.epub
2254,2254,19761,children,19761.epub
2255,2255,24244,children,24244.epub
2256,2256,6142,children,6142.epub
2257,2257,21275,children,21275.epub
2258,2258,11609,children,11609.epub
2259,2259,22980,children,none
2260,2260,21734,children,21734.epub
2261,2261,21736,children,21736.epub
2262,2262,3653,children,3653.epub
2263,2263,5207,children,5207.epub
2264,2264,23389,children,23389.epub
2265,2265,6572,children,6572.epub
2266,2266,19136,children,19136.epub
2267,2267,5674,children,5674.epub
2268,2268,21788,children,21788.epub
2269,2269,5833,children,5833.epub
2270,2270,6162,children,6162.epub
2271,2271,15778,children,15778.epub
2272,2272,15285,children,15285.epub
2273,2273,21757,children,21757.epub
2274,2274,20081,children,20081.epub
2275,2275,21758,children,21758.epub
2276,2276,7506,children,7506.epub
2277,2277,21738,children,21738.epub
2278,2278,14890,children,14890.epub
2279,2279,21739,children,21739.epub
2280,2280,4792,children,4792.epub
2281,2281,8670,children,8670.epub
2282,2282,18349,children,18349.epub
2283,2283,5828,children,5828.epub
2284,2284,3785,children,3785.epub
2285,2285,21705,children,21705.epub
2286,2286,7071,children,7071.epub
2287,2287,21740,children,21740.epub
2288,2288,21741,children,21741.epub
2289,2289,11058,children,11058.epub
2290,2290,10729,children,10729.epub
2291,2291,18357,children,18357.epub
2292,2292,21742,children,21742.epub
2293,2293,21743,children,21743.epub
2294,2294,12823,children,12823.epub
2295,2295,528,children,528.epub
2296,2296,20163,children,20163.epub
2297,2297,20651,children,20651.epub
2298,2298,16805,children,16805.epub
2299,2299,20307,children,20307.epub
2300,2300,21652,children,21652.epub
2301,2301,4932,children,4932.epub
2302,2302,15764,children,15764.epub
2303,2303,16855,children,16855.epub
2304,2304,22464,children,22464.epub
2305,2305,21744,children,21744.epub
2306,2306,21695,children,21695.epub
2307,2307,21745,children,21745.epub
2308,2308,7882,children,7882.epub
2309,2309,15124,children,15124.epub
2310,2310,21746,children,21746.epub
2311,2311,7231,children,7231.epub
2312,2312,17546,children,17546.epub
2313,2313,5075,children,5075.epub
2314,2314,15343,children,15343.epub
2315,2315,19988,children,19988.epub
2316,2316,20340,children,20340.epub
2317,2317,17506,children,17506.epub
2318,2318,21681,children,21681.epub
2319,2319,23377,children,23377.epub
2320,2320,21747,children,21747.epub
2321,2321,21240,children,21240.epub
2322,2322,11961,children,11961.epub
2323,2323,23274,children,23274.epub
2324,2324,11151,children,11151.epub
2325,2325,6906,children,6906.epub
2326,2326,18019,children,18019.epub
2327,2327,20606,children,20606.epub
2328,2328,23625,children,23625.epub
2329,2329,13803,children,13803.epub
2330,2330,21749,children,21749.epub
2331,2331,7061,children,7061.epub
2332,2332,13290,children,13290.epub
2333,2333,21750,children,21750.epub
2334,2334,11311,children,11311.epub
2335,2335,21751,children,21751.epub
2336,2336,22164,children,22164.epub
2337,2337,7820,children,7820.epub
2338,2338,21752,children,21752.epub
2339,2339,21753,children,21753.epub
2340,2340,20091,children,20091.epub
2341,2341,5868,children,5868.epub
2342,2342,19473,children,19473.epub
2343,2343,14762,children,14762.epub
2344,2344,21754,children,21754.epub
2345,2345,14313,children,14313.epub
2346,2346,11111,children,11111.epub
2347,2347,18617,children,18617.epub
2348,2348,21242,children,21242.epub
2349,2349,6472,children,6472.epub
2350,2350,16869,children,16869.epub
2351,2351,18356,children,18356.epub
2352,2352,15920,children,15920.epub
2353,2353,24086,children,24086.epub
2354,2354,15149,children,15149.epub
2355,2355,293,children,293.epub
2356,2356,659,children,659.epub
2357,2357,21756,children,21756.epub
2358,2358,671,children,671.epub
2359,2359,836,children,836.epub
2360,2360,21691,children,21691.epub
2361,2361,21692,children,21692.epub
2362,2362,18666,children,18666.epub
2363,2363,484,children,484.epub
2364,2364,18505,children,18505.epub
2365,2365,21693,children,21693.epub
2366,2366,21694,children,21694.epub
2367,2367,21656,children,21656.epub
2368,2368,17436,children,17436.epub
2369,2369,20689,children,none
2370,2370,5348,children,5348.epub
2371,2371,1874,children,1874.epub
2372,2372,15839,children,15839.epub
2373,2373,21714,children,21714.epub
2374,2374,21697,children,21697.epub
2375,2375,21696,children,21696.epub
2376,2376,23022,children,23022.epub
2377,2377,21241,children,21241.epub
2378,2378,12741,children,12741.epub
2379,2379,21698,children,21698.epub
2380,2380,9745,children,9745.epub
2381,2381,21699,children,21699.epub
2382,2382,7229,children,7229.epub
2383,2383,14891,children,14891.epub
2384,2384,21797,children,21797.epub
2385,2385,20092,children,20092.epub
2386,2386,23385,children,23385.epub
2387,2387,6094,children,6094.epub
2388,2388,1078,children,1078.epub
2389,2389,21701,children,21701.epub
2390,2390,12532,children,12532.epub
2391,2391,11881,children,11881.epub
2392,2392,21702,children,21702.epub
2393,2393,21703,children,21703.epub
2394,2394,21704,children,21704.epub
2395,2395,6357,children,6357.epub
2396,2396,14595,children,14595.epub
2397,2397,20910,children,20910.epub
2398,2398,18816,children,18816.epub
2399,2399,3811,children,3811.epub
2400,2400,22245,children,22245.epub
2401,2401,3429,children,3429.epub
2402,2402,10724,children,10724.epub
2403,2403,24097,children,24097.epub
2404,2404,837,children,837.epub
2405,2405,23272,children,23272.epub
2406,2406,770,children,770.epub
2407,2407,5417,children,5417.epub
2408,2408,20071,children,20071.epub
2409,2409,23271,children,23271.epub
2410,2410,18774,children,18774.epub
2411,2411,4989,children,4989.epub
2412,2412,19025,children,19025.epub
2413,2413,7862,children,7862.epub
2414,2414,18579,children,18579.epub
2415,2415,7870,children,7870.epub
2416,2416,21913,children,21913.epub
2417,2417,23292,children,23292.epub
2418,2418,24013,children,24013.epub
2419,2419,15767,children,15767.epub
2420,2420,15852,children,15852.epub
2421,2421,23381,children,23381.epub
2422,2422,13604,children,13604.epub
2423,2423,16472,children,16472.epub
2424,2424,8732,children,8732.epub
2425,2425,20641,children,20641.epub
2426,2426,18813,children,18813.epub
2427,2427,4660,children,4660.epub
2428,2428,7070,children,7070.epub
2429,2429,17677,children,17677.epub
2430,2430,8859,children,8859.epub
2431,2431,5778,children,5778.epub
2432,2432,21706,children,21706.epub
2433,2433,20223,children,20223.epub
2434,2434,19206,children,19206.epub
2435,2435,23493,children,23493.epub
2436,2436,20207,children,20207.epub
2437,2437,21707,children,21707.epub
2438,2438,21708,children,21708.epub
2439,2439,18678,children,18678.epub
2440,2440,21709,children,21709.epub
2441,2441,5993,children,5993.epub
2442,2442,7831,children,7831.epub
2443,2443,9986,children,9986.epub
2444,2444,12308,children,12308.epub
2445,2445,7334,children,7334.epub
2446,2446,18833,children,18833.epub
2447,2447,19714,children,19714.epub
2448,2448,18264,children,18264.epub
2449,2449,18868,children,18868.epub
2450,2450,2805,children,2805.epub
2451,2451,19154,children,19154.epub
2452,2452,8651,children,8651.epub
2453,2453,17766,children,17766.epub
2454,2454,4931,children,4931.epub
2455,2455,23758,children,23758.epub
2456,2456,11602,children,11602.epub
2457,2457,21711,children,21711.epub
2458,2458,794,children,794.epub
2459,2459,23388,children,23388.epub
2460,2460,8745,children,8745.epub
2461,2461,23351,children,23351.epub
2462,2462,5696,children,5696.epub
2463,2463,22521,children,22521.epub
2464,2464,9613,children,9613.epub
2465,2465,20432,children,20432.epub
2466,2466,5128,children,5128.epub
2467,2467,21687,children,21687.epub
2468,2468,5623,children,5623.epub
2469,2469,22060,children,22060.epub
2470,2470,21712,children,21712.epub
2471,2471,22669,children,22669.epub
2472,2472,5673,children,5673.epub
2473,2473,19477,children,19477.epub
2474,2474,21713,children,21713.epub
2475,2475,23129,children,23129.epub
2476,2476,16885,erotic,16885.epub
2477,2477,17707,erotic,17707.epub
2478,2478,19591,erotic,19591.epub
2479,2479,3726,erotic,3726.epub
2480,2480,13102,erotic,13102.epub
2481,2481,7889,erotic,7889.epub
2482,2482,20028,erotic,none
2483,2483,27827,erotic,27827.epub
2484,2484,5325,erotic,5325.epub
2485,2485,7875,erotic,7875.epub
2486,2486,5225,erotic,5225.epub
2487,2487,14609,erotic,14609.epub
2488,2488,4300,erotic,4300.epub
2489,2489,6852,erotic,6852.epub
2490,2490,24156,erotic,24156.epub
2491,2491,25286,erotic,25286.epub
2492,2492,47338,romance,47338.epub
2493,2493,53356,romance,53356.epub
2494,2494,53364,romance,53364.epub
2495,2495,53416,romance,53416.epub
2496,2496,53372,romance,53372.epub
2497,2497,53370,romance,53370.epub
